lambda_nm,T
193,0.005696437
194,0.030979617
195,0.055304168
196,0.077886426
197,0.097942727
198,0.114689406
199,0.1273428
200,0.135269419
201,0.138955073
202,0.139390947
203,0.137570694
204,0.134487964
205,0.131136409
206,0.128498915
207,0.127059723
208,0.126604699
209,0.126867572
210,0.127582072
211,0.128481928
212,0.129300869
213,0.129820213
214,0.130045437
215,0.130047965
216,0.129899229
217,0.129670658
218,0.129433686
219,0.129257617
220,0.129167097
221,0.129144348
222,0.129169917
223,0.129224346
224,0.129288182
225,0.129341972
226,0.129371888
227,0.129381113
228,0.129376038
229,0.129363051
230,0.129348542
231,0.129338902
232,0.129339898
233,0.129350122
234,0.129363545
235,0.129374066
236,0.12937558
237,0.129361985
238,0.129327235
239,0.129272759
240,0.12921483
241,0.12917147
242,0.129160701
243,0.129200548
244,0.129309031
245,0.129496563
246,0.129720127
247,0.129913822
248,0.13001166
249,0.129947654
250,0.129655815
251,0.129073245
252,0.128264376
253,0.12746335
254,0.126916098
255,0.126868546
256,0.127566625
257,0.129256261
258,0.132009452
259,0.135123876
260,0.137681814
261,0.138765541
262,0.13745733
263,0.132839453
264,0.124335487
265,0.117964178
266,0.125709586
267,0.159770697
268,0.2323465
269,0.355635983
270,0.541832194
271,0.79741812
272,1.112521377
273,1.47435978
274,1.870151145
275,2.287113287
276,2.712464022
277,3.137474422
278,3.597270077
279,4.153793056
280,4.869370469
281,5.806329427
282,7.026997041
283,8.593221413
284,10.5146405
285,12.7024467
286,15.0569233
287,17.47835362
288,19.86702096
289,22.12320862
290,24.16133581
291,25.9893364
292,27.65312351
293,29.19871959
294,30.6721471
295,32.11942846
296,33.58614419
297,35.10157398
298,36.67431773
299,38.311642
300,40.02081336
301,41.8090984
302,43.68376367
303,45.64963173
304,47.70124101
305,49.83042532
306,52.02901851
307,54.28885439
308,56.60176679
309,58.95853506
310,61.33114184
311,63.67538194
312,65.9465211
313,68.09982506
314,70.09055956
315,71.87401932
316,73.42391044
317,74.763882
318,75.92597001
319,76.9422105
320,77.84463946
321,78.66529293
322,79.43447294
323,80.16491708
324,80.85915199
325,81.5195781
326,82.14859581
327,82.74860553
328,83.32199642
329,83.87012284
330,84.39248525
331,84.88839136
332,85.35714891
333,85.79806559
334,86.21044913
335,86.59371724
336,86.94797394
337,87.2735874
338,87.57092632
339,87.84035945
340,88.08225549
341,88.29704448
342,88.4871902
343,88.65761267
344,88.81337863
345,88.95955479
346,89.1012079
347,89.24340467
348,89.38984511
349,89.53879303
350,89.68716081
351,89.83186083
352,89.96980548
353,90.09790713
354,90.21322218
355,90.31518107
356,90.40516075
357,90.48459563
358,90.5549201
359,90.61756859
360,90.67397483
361,90.72528115
362,90.77188088
363,90.8140487
364,90.85205927
365,90.88618726
366,90.91670733
367,90.94390155
368,90.96812228
369,90.98976071
370,91.00920842
371,91.02685702
372,91.04309808
373,91.05832629
374,91.07317644
375,91.08869232
376,91.10595756
377,91.12605579
378,91.15007062
379,91.17908568
380,91.21386531
381,91.25329446
382,91.29557268
383,91.33889856
384,91.38147066
385,91.42148756
386,91.4571786
387,91.48769639
388,91.51325503
389,91.53412728
390,91.55058588
391,91.56290356
392,91.57135308
393,91.57628473
394,91.57834045
395,91.5782307
396,91.57666592
397,91.57435659
398,91.57201317
399,91.57031454
400,91.56945725
401,91.56926139
402,91.56953703
403,91.57009428
404,91.57074322
405,91.57129413
406,91.57162017
407,91.57174763
408,91.57172569
409,91.57160354
410,91.57143034
411,91.57125529
412,91.57112373
413,91.57104692
414,91.5710182
415,91.57103077
416,91.57107782
417,91.57115254
418,91.57124805
419,91.571352
420,91.57144326
421,91.57149988
422,91.57149992
423,91.57142142
424,91.57124244
425,91.57095479
426,91.57062664
427,91.57035258
428,91.57022719
429,91.57034509
430,91.57080085
431,91.5716815
432,91.57286787
433,91.574015
434,91.57476645
435,91.5747658
436,91.5736566
437,91.57108244
438,91.56700266
439,91.5624991
440,91.55890291
441,91.55754525
442,91.55975727
443,91.5668701
444,91.58008504
445,91.59876026
446,91.62088473
447,91.64441496
448,91.66730745
449,91.68751871
450,91.70300859
451,91.7125714
452,91.71692928
453,91.71707571
454,91.71400419
455,91.70870822
456,91.70218129
457,91.69541695
458,91.68940917
459,91.68515214
460,91.68364003
461,91.68586703
462,91.69282733
463,91.70549592
464,91.7237169
465,91.74559312
466,91.76907903
467,91.79212906
468,91.81269765
469,91.82873923
470,91.83863321
471,91.84298899
472,91.84314488
473,91.84043961
474,91.83621192
475,91.83180054
476,91.82851161
477,91.82684278
478,91.8264488
479,91.82694498
480,91.82794664
481,91.82906908
482,91.82992763
483,91.83025301
484,91.83016383
485,91.82986013
486,91.82954191
487,91.82940922
488,91.82966208
489,91.8304746
490,91.83167848
491,91.83286343
492,91.83361401
493,91.83351479
494,91.83215037
495,91.82910807
496,91.82451348
497,91.81967188
498,91.81604494
499,91.81509431
500,91.81828165
501,91.82706863
502,91.84260245
503,91.8635551
504,91.88742702
505,91.91171166
506,91.93390248
507,91.95149294
508,91.96201529
509,91.96500976
510,91.96295756
511,91.95857388
512,91.95457389
513,91.95367277
514,91.95858571
515,91.97133102
516,91.99047256
517,92.01350583
518,92.03792597
519,92.06122816
520,92.08090755
521,92.0945432
522,92.10161847
523,92.10350707
524,92.10166385
525,92.09754363
526,92.09260125
527,92.08829139
528,92.08568533
529,92.08463505
530,92.08475073
531,92.08564255
532,92.08692069
533,92.08819533
534,92.08909938
535,92.08954558
536,92.08963487
537,92.0894717
538,92.08916054
539,92.08880583
540,92.08851178
541,92.088343
542,92.08828176
543,92.0883001
544,92.08837
545,92.0884635
546,92.08855259
547,92.08861232
548,92.08864009
549,92.08864334
550,92.08862958
551,92.0886063
552,92.08858101
553,92.08856112
554,92.08855027
555,92.08854685
556,92.08854884
557,92.08855423
558,92.08856103
559,92.08856721
560,92.08857112
561,92.08857282
562,92.08857284
563,92.08857172
564,92.08856999
565,92.0885682
566,92.08856686
567,92.08856617
568,92.088566
569,92.08856618
570,92.08856659
571,92.08856709
572,92.08856751
573,92.08856777
574,92.08856787
575,92.08856785
576,92.08856776
577,92.08856764
578,92.08856751
579,92.08856742
580,92.08856738
581,92.08856737
582,92.08856739
583,92.08856742
584,92.08856745
585,92.08856748
586,92.0885675
587,92.0885675
588,92.0885675
589,92.0885675
590,92.08856749
591,92.08856748
592,92.08856747
593,92.08856747
594,92.08856747
595,92.08856747
596,92.08856747
597,92.08856747
598,92.08856748
599,92.08856748
600,92.08856748
601,92.08856748
602,92.08856748
603,92.08856748
604,92.08856748
605,92.08856748
606,92.08856748
607,92.08856748
608,92.08856748
609,92.08856748
610,92.08856748
611,92.08856748
612,92.08856748
613,92.08856748
614,92.08856748
615,92.08856748
616,92.08856748
617,92.08856748
618,92.08856748
619,92.08856748
620,92.08856748
621,92.08856748
622,92.08856748
623,92.08856748
624,92.08856748
625,92.08856748
626,92.08856748
627,92.08856748
628,92.08856748
629,92.08856748
630,92.08856748
631,92.08856748
632,92.08856747
633,92.08856747
634,92.08856747
635,92.08856747
636,92.08856748
637,92.08856748
638,92.08856748
639,92.08856748
640,92.08856749
641,92.08856748
642,92.08856748
643,92.08856747
644,92.08856746
645,92.08856745
646,92.08856744
647,92.08856744
648,92.08856745
649,92.08856748
650,92.08856751
651,92.08856755
652,92.08856759
653,92.0885676
654,92.08856758
655,92.08856752
656,92.0885674
657,92.08856725
658,92.08856711
659,92.08856702
660,92.08856703
661,92.08856719
662,92.08856753
663,92.08856806
664,92.08856863
665,92.08856906
666,92.0885692
667,92.08856887
668,92.0885679
669,92.08856618
670,92.08856406
671,92.08856215
672,92.08856109
673,92.08856151
674,92.08856402
675,92.08856925
676,92.08857682
677,92.08858456
678,92.08859015
679,92.08859123
680,92.08858547
681,92.08857053
682,92.08854523
683,92.08851554
684,92.08849019
685,92.08847793
686,92.08848748
687,92.08852758
688,92.08860641
689,92.08871422
690,92.08881969
691,92.08889023
692,92.08889325
693,92.08879615
694,92.08856633
695,92.08819719
696,92.08778497
697,92.08745131
698,92.08731786
699,92.08750625
700,92.08813813
701,92.08931664
702,92.09084208
703,92.09226768
704,92.09313947
705,92.09300345
706,92.09140563
707,92.0878933
708,92.08255605
709,92.0768698
710,92.07252886
711,92.07122751
712,92.07466005
713,92.08452078
714,92.10217907
715,92.12593891
716,92.15241921
717,92.17822146
718,92.19994713
719,92.21419771
720,92.21760409
721,92.20906952
722,92.1913471
723,92.16756262
724,92.14084184
725,92.11431056
726,92.09109454
727,92.07393459
728,92.06331843
729,92.05891663
730,92.06039861
731,92.06743378
732,92.07969157
733,92.09681926
734,92.11780677
735,92.14089183
736,92.16427099
737,92.18614081
738,92.20469782
739,92.21813859
740,92.22528299
741,92.2272815
742,92.22582918
743,92.22262108
744,92.21935224
745,92.21771773
746,92.21927996
747,92.22359
748,92.22863675
749,92.23236812
750,92.23273201
751,92.22767635
752,92.21515371
753,92.19460652
754,92.16908727
755,92.1421846
756,92.11748715
757,92.09858355
758,92.08906245
759,92.09202231
760,92.10622113
761,92.12815018
762,92.15428102
763,92.1810852
764,92.20503428
765,92.22262836
766,92.23227233
767,92.23543935
768,92.23388056
769,92.22934708
770,92.22359005
771,92.21836058
772,92.21513648
773,92.21388545
774,92.21405655
775,92.21509838
776,92.21645954
777,92.21758862
778,92.21795132
779,92.21747443
780,92.21658704
781,92.21574365
782,92.21539874
783,92.21600678
784,92.21802224
785,92.22157581
786,92.22565375
787,92.22898953
788,92.23031665
789,92.22836858
790,92.22187881
791,92.20969553
792,92.19228303
793,92.1713002
794,92.14843396
795,92.12537123
796,92.10379891
797,92.08540243
798,92.07150328
799,92.06258669
800,92.05902086
801,92.06117399
802,92.06941429
803,92.08410995
804,92.10536738
805,92.13111488
806,92.15820051
807,92.18346452
808,92.20374722
809,92.21588887
810,92.21677249
811,92.20576583
812,92.1860433
813,92.16110156
814,92.13443729
815,92.10954716
816,92.08992785
817,92.07837483
818,92.07402507
819,92.07482625
820,92.0787254
821,92.08366956
822,92.08760578
823,92.0885546
824,92.08634422
825,92.08267812
826,92.07934679
827,92.07814074
828,92.08085045
829,92.08926629
830,92.10439007
831,92.12458762
832,92.14767457
833,92.17146657
834,92.19377927
835,92.21242831
836,92.22536881
837,92.23238496
838,92.23454756
839,92.23295419
840,92.22870246
841,92.22288996
842,92.21661369
843,92.21086158
844,92.20638362
845,92.20389847
846,92.2041248
847,92.20778127
848,92.21558653
849,92.2281183
850,92.24485131
851,92.26474105
852,92.28673994
853,92.30980042
854,92.33287491
855,92.35492789
856,92.37553896
857,92.39518426
858,92.41441072
859,92.43376529
860,92.4537949
861,92.47504649
862,92.49784041
863,92.52138008
864,92.54452541
865,92.56613618
866,92.58507222
867,92.60019331
868,92.61040703
869,92.61569571
870,92.61710338
871,92.61571921
872,92.61263238
873,92.60893207
874,92.60570735
875,92.60375875
876,92.60297435
877,92.60306232
878,92.60373081
879,92.60468798
880,92.60564197
881,92.60631812
882,92.6066516
883,92.60671802
884,92.60659558
885,92.60636249
886,92.60609695
887,92.60587696
888,92.60575076
889,92.60570505
890,92.60571887
891,92.60577126
892,92.60584127
893,92.60590795
894,92.60595261
895,92.60597336
896,92.60597576
897,92.60596544
898,92.60594801
899,92.60592907
900,92.6059142
901,92.60590609
902,92.60590353
903,92.60590503
904,92.60590907
905,92.60591416
906,92.60591878
907,92.60592171
908,92.60592298
909,92.60592299
910,92.60592215
911,92.60592086
912,92.60591952
913,92.60591852
914,92.605918
915,92.60591787
916,92.60591801
917,92.60591832
918,92.60591869
919,92.605919
920,92.6059192
921,92.60591927
922,92.60591926
923,92.60591919
924,92.6059191
925,92.605919
926,92.60591894
927,92.60591891
928,92.6059189
929,92.60591891
930,92.60591894
931,92.60591896
932,92.60591898
933,92.605919
934,92.605919
935,92.605919
936,92.60591899
937,92.60591899
938,92.60591898
939,92.60591898
940,92.60591897
941,92.60591897
942,92.60591897
943,92.60591898
944,92.60591898
945,92.60591898
946,92.60591898
947,92.60591898
948,92.60591898
949,92.60591898
950,92.60591898
951,92.60591898
952,92.60591898
953,92.60591898
954,92.60591898
955,92.60591898
956,92.60591898
957,92.60591898
958,92.60591898
959,92.60591898
960,92.60591898
961,92.60591898
962,92.60591898
963,92.60591898
964,92.60591898
965,92.60591898
966,92.60591898
967,92.60591898
968,92.60591898
969,92.60591898
970,92.60591898
971,92.60591898
972,92.60591898
973,92.60591898
974,92.60591898
975,92.60591898
976,92.60591898
977,92.60591898
978,92.60591898
979,92.60591898
980,92.60591898
981,92.60591898
982,92.60591898
983,92.60591898
984,92.60591898
985,92.60591898
986,92.60591899
987,92.60591899
988,92.60591899
989,92.60591898
990,92.60591898
991,92.60591896
992,92.60591895
993,92.60591895
994,92.60591895
995,92.60591896
996,92.60591898
997,92.60591901
998,92.60591906
999,92.60591909
1000,92.6059191
1001,92.60591908
1002,92.60591902
1003,92.60591891
1004,92.60591876
1005,92.60591861
1006,92.60591853
1007,92.60591854
1008,92.60591869
1009,92.60591904
1010,92.60591957
1011,92.60592013
1012,92.60592056
1013,92.6059207
1014,92.60592037
1015,92.6059194
1016,92.60591768
1017,92.60591556
1018,92.60591365
1019,92.60591259
1020,92.60591301
1021,92.60591553
1022,92.60592077
1023,92.60592834
1024,92.60593609
1025,92.60594167
1026,92.60594274
1027,92.60593696
1028,92.605922
1029,92.60589667
1030,92.60586697
1031,92.60584163
1032,92.60582939
1033,92.605839
1034,92.60587917
1035,92.60595811
1036,92.60606599
1037,92.60617146
1038,92.60624194
1039,92.6062448
1040,92.60614744
1041,92.60591725
1042,92.60554778
1043,92.60513544
1044,92.60480192
1045,92.6046689
1046,92.60485808
1047,92.60549115
1048,92.6066711
1049,92.60819735
1050,92.60962287
1051,92.61049352
1052,92.61035513
1053,92.60875355
1054,92.60523592
1055,92.59989442
1056,92.59420697
1057,92.58986851
1058,92.58857397
1059,92.59201828
1060,92.60189637
1061,92.61957555
1062,92.64335173
1063,92.66984113
1064,92.69564284
1065,92.71735596
1066,92.7315796
1067,92.73494287
1068,92.72635934
1069,92.70859333
1070,92.6847795
1071,92.6580525
1072,92.63154697
1073,92.60839758
1074,92.59134679
1075,92.58085517
1076,92.57656013
1077,92.57809797
1078,92.58510499
1079,92.59721748
1080,92.61405173
1081,92.63463498
1082,92.65732381
1083,92.68043838
1084,92.70229881
1085,92.72122527
1086,92.73553789
1087,92.74407882
1088,92.74763091
1089,92.74742793
1090,92.74470366
1091,92.74069189
1092,92.73662639
1093,92.73368506
1094,92.73220442
1095,92.73187073
1096,92.7323534
1097,92.73332184
1098,92.73444544
1099,92.73539397
1100,92.73594839
1101,92.73615776
1102,92.73611068
1103,92.73589577
1104,92.73560164
1105,92.73531691
1106,92.7351224
1107,92.73503022
1108,92.73501683
1109,92.73505835
1110,92.73513093
1111,92.73521071
1112,92.735274
1113,92.73530822
1114,92.73531858
1115,92.73531193
1116,92.73529508
1117,92.73527488
1118,92.73525813
1119,92.73525046
1120,92.7352507
1121,92.73525542
1122,92.73526114
1123,92.73526443
1124,92.73526182
1125,92.73525004
1126,92.73523062
1127,92.73521028
1128,92.73519601
1129,92.7351948
1130,92.73521363
1131,92.73525949
1132,92.73533341
1133,92.7354155
1134,92.73548125
1135,92.73550619
1136,92.7354658
1137,92.7353356
1138,92.73509562
1139,92.7347892
1140,92.73450625
1141,92.73433777
1142,92.73437475
1143,92.73470817
1144,92.73542852
1145,92.736507
1146,92.73764206
1147,92.73849422
1148,92.73872403
1149,92.73799201
1150,92.73595869
1151,92.73240469
1152,92.72810353
1153,92.72431866
1154,92.72231696
1155,92.72336533
1156,92.72873065
1157,92.73965978
1158,92.75624961
1159,92.77684412
1160,92.79963989
1161,92.82283349
1162,92.8446215
1163,92.86320051
1164,92.87700874
1165,92.88573816
1166,92.889486
1167,92.88834972
1168,92.88242677
1169,92.87181461
1170,92.85663615
1171,92.83763489
1172,92.81619496
1173,92.79372996
1174,92.77165349
1175,92.75137917
1176,92.73432055
1177,92.72162871
1178,92.71358221
1179,92.7102785
1180,92.71181504
1181,92.7182893
1182,92.72979874
1183,92.74635931
1184,92.76692567
1185,92.78970966
1186,92.81290782
1187,92.8347167
1188,92.85333284
1189,92.86695754
1190,92.87467998
1191,92.87751498
1192,92.87672957
1193,92.87359076
1194,92.86936555
1195,92.86532096
1196,92.86259483
1197,92.86132043
1198,92.86116052
1199,92.86177517
1200,92.86282446
1201,92.86396845
1202,92.86487055
1203,92.86536157
1204,92.86551518
1205,92.86542407
1206,92.86518093
1207,92.86487848
1208,92.8646094
1209,92.8644497
1210,92.86439355
1211,92.86441008
1212,92.86446844
1213,92.86453775
1214,92.86458715
1215,92.8645871
1216,92.86453786
1217,92.86446897
1218,92.86441119
1219,92.8643953
1220,92.86445205
1221,92.86461221
1222,92.8648807
1223,92.86518126
1224,92.86542167
1225,92.86550972
1226,92.86535322
1227,92.86485995
1228,92.86395784
1229,92.86281923
1230,92.86177923
1231,92.86117589
1232,92.86134727
1233,92.86263142
1234,92.8653632
1235,92.86939597
1236,92.87359181
1237,92.87669072
1238,92.87743267
1239,92.87455766
1240,92.86680567
1241,92.85317879
1242,92.83459776
1243,92.81283606
1244,92.78967103
1245,92.76688
1246,92.74624031
1247,92.72951341
1248,92.71775069
1249,92.71102374
1250,92.70933255
1251,92.71267714
1252,92.72105748
1253,92.7344736
1254,92.75267052
1255,92.77421254
1256,92.79732235
1257,92.8202226
1258,92.84113597
1259,92.8582851
1260,92.86996606
1261,92.87597786
1262,92.87752637
1263,92.87587162
1264,92.87227362
1265,92.86799239
1266,92.86428767
1267,92.86206632
1268,92.8611848
1269,92.86130506
1270,92.86208905
1271,92.8631987
1272,92.86429597
1273,92.8650647
1274,92.86543723
1275,92.86550328
1276,92.86535503
1277,92.86508471
1278,92.86478451
1279,92.86454634
1280,92.86442351
1281,92.86439401
1282,92.86442705
1283,92.86449187
1284,92.8645577
1285,92.86459377
1286,92.86457502
1287,92.86451568
1288,92.86444656
1289,92.86439853
1290,92.86440245
1291,92.86448921
1292,92.86468837
1293,92.86497864
1294,92.86527184
1295,92.86547529
1296,92.86549628
1297,92.8652421
1298,92.86462006
1299,92.86360326
1300,92.86245285
1301,92.86150876
1302,92.86111093
1303,92.86159929
1304,92.86331379
1305,92.86655121
1306,92.87079491
1307,92.87480324
1308,92.87730913
1309,92.87704555
1310,92.87274545
1311,92.86314262
1312,92.84768304
1313,92.82781936
1314,92.80535517
1315,92.78209403
1316,92.75983953
1317,92.74039523
1318,92.72545956
1319,92.71561559
1320,92.71077466
1321,92.71083884
1322,92.71571022
1323,92.72529089
1324,92.7394788
1325,92.75774365
1326,92.77875996
1327,92.80111581
1328,92.82339928
1329,92.84419845
1330,92.86210139
1331,92.87582566
1332,92.88493029
1333,92.88931069
1334,92.88886312
1335,92.88348384
1336,92.87306912
1337,92.85753817
1338,92.83762934
1339,92.81510495
1340,92.79179185
1341,92.7695169
1342,92.75010695
1343,92.73538886
1344,92.72667698
1345,92.72316528
1346,92.72349941
1347,92.72632503
1348,92.73028778
1349,92.73403334
1350,92.73626737
1351,92.73674072
1352,92.7360911
1353,92.73498437
1354,92.7340864
1355,92.73406303
1356,92.73557927
1357,92.73881976
1358,92.742687
1359,92.74587191
1360,92.74706539
1361,92.74495839
1362,92.7382418
1363,92.7257836
1364,92.70821067
1365,92.68715693
1366,92.66426818
1367,92.64119021
1368,92.61956884
1369,92.60103443
1370,92.58586564
1371,92.57195623
1372,92.55695674
1373,92.53851771
1374,92.51428969
1375,92.4819232
1376,92.43951845
1377,92.38793212
1378,92.35144206
1379,92.35144206
1380,92.35144206
1381,92.35144206
1382,92.35144206
1383,92.35144206
1384,92.35144206
1385,92.35144206
1386,92.35144206
1387,92.35144206
1388,92.35144206
1389,92.35144206
1390,92.35144206
1391,92.35144206
1392,92.35144206
1393,92.35144206
1394,92.35144206
1395,92.35144206
1396,92.35144206
1397,92.35144206
1398,92.35144206
1399,92.35144206
1400,92.35144206
1401,92.35144206
1402,92.35144206
1403,92.35144206
1404,92.35144206
1405,92.35144206
1406,92.35144206
1407,92.35144206
1408,92.35144206
1409,92.35144206
1410,92.35144206
1411,92.35144206
1412,92.35144206
1413,92.35144206
1414,92.35144206
1415,92.35144206
1416,92.35144206
1417,92.35144206
1418,92.35144206
1419,92.35144206
1420,92.35144206
1421,92.35144206
1422,92.35144206
1423,92.35144206
1424,92.35144206
1425,92.35144206
1426,92.35144206
1427,92.35144206
1428,92.35144206
1429,92.35144206
1430,92.35144206
1431,92.35144206
1432,92.35144206
1433,92.35144206
1434,92.35144206
1435,92.35144206
1436,92.35144206
1437,92.35144206
1438,92.35144206
1439,92.35144206
1440,92.35144206
1441,92.35144206
1442,92.35144206
1443,92.35144206
1444,92.35144206
1445,92.35144206
1446,92.35144206
1447,92.35144206
1448,92.35144206
1449,92.35144206
1450,92.35144206
1451,92.35144206
1452,92.35144206
1453,92.35144206
1454,92.35144206
1455,92.35144206
1456,92.35144206
1457,92.35144206
1458,92.35144206
1459,92.35144206
1460,92.35144206
1461,92.35144206
1462,92.35144206
1463,92.35144206
1464,92.35144206
1465,92.35144206
1466,92.35144206
1467,92.35144206
1468,92.35144206
1469,92.35144206
1470,92.35078762
1471,92.34886771
1472,92.34542605
1473,92.34093759
1474,92.33666618
1475,92.33391486
1476,92.33398665
1477,92.33818459
1478,92.34781165
1479,92.36354208
1480,92.3838523
1481,92.40673878
1482,92.43019799
1483,92.45222641
1484,92.4708205
1485,92.48409009
1486,92.49171867
1487,92.49454162
1488,92.49342066
1489,92.48921753
1490,92.48279399
1491,92.47501251
1492,92.46690802
1493,92.45990754
1494,92.4554923
1495,92.45514355
1496,92.46034251
1497,92.47257043
1498,92.49290615
1499,92.51912191
1500,92.54736692
1501,92.57377916
1502,92.59449661
1503,92.60565728
1504,92.60345922
1505,92.58750322
1506,92.5625511
1507,92.53379565
1508,92.5064297
1509,92.48564603
1510,92.47663747
1511,92.48326605
1512,92.50252929
1513,92.52921771
1514,92.55812077
1515,92.58402794
1516,92.6017287
1517,92.6061918
1518,92.59671639
1519,92.57705019
1520,92.55114383
1521,92.52294795
1522,92.49641317
1523,92.47548988
1524,92.46297205
1525,92.45783063
1526,92.45824761
1527,92.462405
1528,92.46848481
1529,92.47466904
1530,92.47923551
1531,92.48170067
1532,92.48244367
1533,92.4818612
1534,92.48034991
1535,92.47830648
1536,92.47612733
1537,92.47416085
1538,92.47265182
1539,92.47183153
1540,92.47193129
1541,92.4731824
1542,92.47581614
1543,92.47993807
1544,92.48468174
1545,92.48872782
1546,92.49075443
1547,92.48943971
1548,92.48346179
1549,92.47152572
1550,92.45367742
1551,92.43189769
1552,92.40831801
1553,92.38506988
1554,92.36428481
1555,92.34809428
1556,92.33815588
1557,92.3338175
1558,92.33372453
1559,92.33652218
1560,92.34085566
1561,92.34537019
1562,92.34874861
1563,92.35050589
1564,92.35097101
1565,92.35050695
1566,92.34947668
1567,92.34824317
1568,92.34716938
1569,92.34652111
1570,92.34626046
1571,92.34629031
1572,92.34651352
1573,92.34683298
1574,92.34715155
1575,92.3473779
1576,92.34749048
1577,92.34751399
1578,92.34747396
1579,92.3473959
1580,92.34730535
1581,92.34722777
1582,92.34717939
1583,92.34715755
1584,92.34715728
1585,92.3471736
1586,92.34720154
1587,92.34723613
1588,92.34727233
1589,92.3473047
1590,92.34732761
1591,92.34733544
1592,92.34732255
1593,92.34728332
1594,92.34721242
1595,92.3471178
1596,92.34702561
1597,92.34696335
1598,92.3469585
1599,92.34703855
1600,92.34723098
1601,92.34754426
1602,92.34789928
1603,92.34819171
1604,92.34831724
1605,92.34817156
1606,92.34765034
1607,92.34666134
1608,92.34535736
1609,92.34411949
1610,92.34333751
1611,92.3434012
1612,92.34470034
1613,92.34762441
1614,92.35215346
1615,92.35705585
1616,92.36087674
1617,92.36216133
1618,92.3594548
1619,92.35130234
1620,92.33645248
1621,92.31594404
1622,92.29225925
1623,92.26790292
1624,92.24537985
1625,92.22719484
1626,92.21583918
1627,92.21216096
1628,92.21381284
1629,92.21807975
1630,92.22224665
1631,92.22359849
1632,92.2194202
1633,92.20748294
1634,92.18889056
1635,92.16614435
1636,92.1417504
1637,92.11821477
1638,92.09804355
1639,92.08370121
1640,92.07601359
1641,92.07366514
1642,92.07519596
1643,92.07914613
1644,92.08405576
1645,92.08846491
1646,92.09119959
1647,92.09233021
1648,92.09226565
1649,92.09141483
1650,92.09018664
1651,92.08898998
1652,92.0882179
1653,92.08796686
1654,92.0880703
1655,92.08835252
1656,92.08863784
1657,92.08875055
1658,92.08851511
1659,92.08786538
1660,92.08704192
1661,92.08633859
1662,92.08604925
1663,92.08646778
1664,92.08788803
1665,92.09053175
1666,92.09386074
1667,92.09688139
1668,92.09859394
1669,92.09799861
1670,92.09409564
1671,92.08589097
1672,92.07297301
1673,92.05600605
1674,92.03577064
1675,92.01304734
1676,91.98861668
1677,91.96325923
1678,91.93775769
1679,91.91290873
1680,91.8895146
1681,91.86837754
1682,91.85029979
1683,91.83608361
1684,91.82650876
1685,91.82156047
1686,91.8202357
1687,91.82146958
1688,91.82419725
1689,91.82735383
1690,91.82987447
1691,91.83095309
1692,91.83084847
1693,91.83009315
1694,91.82921968
1695,91.82876062
1696,91.82924852
1697,91.83116797
1698,91.83417514
1699,91.83722666
1700,91.83925718
1701,91.83920135
1702,91.83599385
1703,91.82857015
1704,91.81632263
1705,91.79985644
1706,91.77997574
1707,91.75748466
1708,91.73318737
1709,91.70788801
1710,91.68238886
1711,91.65747392
1712,91.63391671
1713,91.61249065
1714,91.59396916
1715,91.57912566
1716,91.56872668
1717,91.56294568
1718,91.56091499
1719,91.56166146
1720,91.56421195
1721,91.5675933
1722,91.57083237
1723,91.57308029
1724,91.57424569
1725,91.57452256
1726,91.57410542
1727,91.57318878
1728,91.57196715
1729,91.57063504
1730,91.56938724
1731,91.56841883
1732,91.56792492
1733,91.56810061
1734,91.569141
1735,91.5712412
1736,91.57439576
1737,91.57781934
1738,91.58053699
1739,91.58157381
1740,91.57995485
1741,91.57470521
1742,91.56490804
1743,91.55057541
1744,91.5324661
1745,91.51136004
1746,91.48803716
1747,91.46327738
1748,91.43786064
1749,91.41256685
1750,91.3881759
1751,91.36546767
1752,91.34522205
1753,91.32821893
1754,91.31523818
1755,91.30694513
1756,91.30294467
1757,91.30226765
1758,91.30393927
1759,91.30698473
1760,91.31042923
1761,91.31330356
1762,91.31505017
1763,91.3157985
1764,91.31574318
1765,91.31507884
1766,91.31400012
1767,91.31270166
1768,91.31137828
1769,91.31022584
1770,91.30944062
1771,91.30921887
1772,91.30975685
1773,91.31125082
1774,91.3138787
1775,91.31728928
1776,91.32053478
1777,91.32263553
1778,91.32261187
1779,91.31948412
1780,91.31227263
1781,91.30031964
1782,91.28415101
1783,91.26456447
1784,91.24235779
1785,91.21832872
1786,91.19327501
1787,91.16799134
1788,91.14322681
1789,91.11969563
1790,91.09811111
1791,91.0791866
1792,91.06363542
1793,91.05216957
1794,91.04511571
1795,91.04188154
1796,91.04174067
1797,91.0439667
1798,91.04783325
1799,91.05261394
1800,91.05758195
1801,91.06200676
1802,91.06515593
1803,91.06629701
1804,91.06469756
1805,91.05962513
1806,91.05035562
1807,91.03669857
1808,91.01931033
1809,90.99892239
1810,90.97626628
1811,90.9520735
1812,90.92707555
1813,90.90200391
1814,90.87758974
1815,90.85456412
1816,90.83365813
1817,90.81560285
1818,90.80112935
1819,90.79094296
1820,90.78507346
1821,90.78282541
1822,90.78346766
1823,90.78626907
1824,90.79049847
1825,90.79542472
1826,90.80031666
1827,90.80444316
1828,90.80707307
1829,90.80747525
1830,90.80491857
1831,90.79867187
1832,90.78806239
1833,90.77322193
1834,90.75486825
1835,90.73373241
1836,90.71054544
1837,90.6860384
1838,90.66094233
1839,90.63598844
1840,90.61190831
1841,90.58943357
1842,90.56929585
1843,90.5522268
1844,90.53895804
1845,90.53011011
1846,90.52539617
1847,90.52408631
1848,90.52544762
1849,90.5287472
1850,90.53325215
1851,90.53822959
1852,90.5429498
1853,90.54668771
1854,90.54871864
1855,90.54831793
1856,90.5447609
1857,90.53732288
1858,90.52546345
1859,90.50958724
1860,90.49040104
1861,90.46861177
1862,90.44492637
1863,90.42005177
1864,90.39469715
1865,90.36962609
1866,90.34565768
1867,90.32361358
1868,90.3043154
1869,90.28858479
1870,90.27724328
1871,90.27073148
1872,90.26823758
1873,90.26869279
1874,90.27102834
1875,90.27417542
1876,90.27706526
1877,90.27869878
1878,90.27897206
1879,90.27840149
1880,90.27751592
1881,90.27684421
1882,90.27691519
1883,90.27825516
1884,90.280931
1885,90.28402367
1886,90.28648655
1887,90.28727305
1888,90.28533653
1889,90.27963041
1890,90.26925319
1891,90.25441822
1892,90.23585558
1893,90.21429821
1894,90.19047901
1895,90.16513091
1896,90.13898924
1897,90.11290882
1898,90.087916
1899,90.06505037
1900,90.04535156
1901,90.02985917
1902,90.01961282
1903,90.01524096
1904,90.01537969
1905,90.01806247
1906,90.02132259
1907,90.02319337
1908,90.02170812
1909,90.01496537
1910,90.00249348
1911,89.98521261
1912,89.96410057
1913,89.94013518
1914,89.91429423
1915,89.88755553
1916,89.86089739
1917,89.83529964
1918,89.81174241
1919,89.79120585
1920,89.77467009
1921,89.76311527
1922,89.75738093
1923,89.756623
1924,89.75888741
1925,89.76220046
1926,89.76458847
1927,89.76407777
1928,89.75870104
1929,89.74741407
1930,89.73105327
1931,89.71068388
1932,89.68737118
1933,89.66218042
1934,89.63617684
1935,89.61038827
1936,89.58557165
1937,89.56236482
1938,89.54140513
1939,89.52332988
1940,89.50877642
1941,89.49836984
1942,89.49220171
1943,89.48963463
1944,89.4899787
1945,89.49254402
1946,89.49664072
1947,89.50157887
1948,89.50665227
1949,89.51107989
1950,89.51405932
1951,89.51478814
1952,89.51246393
1953,89.50628428
1954,89.49549064
1955,89.48020801
1956,89.46138033
1957,89.43998249
1958,89.41698938
1959,89.3933759
1960,89.37011672
1961,89.34793062
1962,89.32678305
1963,89.30650154
1964,89.28691363
1965,89.26784683
1966,89.24912868
1967,89.23058088
1968,89.21195994
1969,89.19298148
1970,89.1733605
1971,89.152812
1972,89.13105097
1973,89.10779665
1974,89.08327311
1975,89.05868114
1976,89.03533322
1977,89.01454185
1978,88.99761949
1979,88.98587865
1980,88.98031744
1981,88.979792
1982,88.98226502
1983,88.98569624
1984,88.98804541
1985,88.98727225
1986,88.98136884
1987,88.96958686
1988,88.95281592
1989,88.93205524
1990,88.90830405
1991,88.88256159
1992,88.85582708
1993,88.82909494
1994,88.80333882
1995,88.77952674
1996,88.75862671
1997,88.74160676
1998,88.7294349
1999,88.72299928
2000,88.72170612
2001,88.72365368
2002,88.72689533
2003,88.72948444
2004,88.72947437
2005,88.72491937
2006,88.71455649
2007,88.69902592
2008,88.67929685
2009,88.65633847
2010,88.63111994
2011,88.60461045
2012,88.57778061
2013,88.55161596
2014,88.52711099
2015,88.50526027
2016,88.48705839
2017,88.47349993
2018,88.46556957
2019,88.46326108
2020,88.46474712
2021,88.46800483
2022,88.47101136
2023,88.47174386
2024,88.46817947
2025,88.45862337
2026,88.4434878
2027,88.42401821
2028,88.40146207
2029,88.37706686
2030,88.35208007
2031,88.32773345
2032,88.30470824
2033,88.28300433
2034,88.2625793
2035,88.24339074
2036,88.22539623
2037,88.20855336
2038,88.19265099
2039,88.1767878
2040,88.15988595
2041,88.14086762
2042,88.11865499
2043,88.09217025
2044,88.06041156
2045,88.02367951
2046,87.98336913
2047,87.94090945
2048,87.8977295
2049,87.85525832
2050,87.81492348
2051,87.77738094
2052,87.74124937
2053,87.70481514
2054,87.66636459
2055,87.62418407
2056,87.57655995
2057,87.52203513
2058,87.46166834
2059,87.39794416
2060,87.33336348
2061,87.27042717
2062,87.21163611
2063,87.15947132
2064,87.11472973
2065,87.07526689
2066,87.03864227
2067,87.00241533
2068,86.96414555
2069,86.92139238
2070,86.87212803
2071,86.8168257
2072,86.75689565
2073,86.69374981
2074,86.62880008
2075,86.56345839
2076,86.49911307
2077,86.43640857
2078,86.37511278
2079,86.31494322
2080,86.25561744
2081,86.19685297
2082,86.13836733
2083,86.07987813
2084,86.02110326
2085,85.96176067
2086,85.90156832
2087,85.84024415
2088,85.77750613
2089,85.71312878
2090,85.64778445
2091,85.58286367
2092,85.51977709
2093,85.45993537
2094,85.40474916
2095,85.3556265
2096,85.31298655
2097,85.27477408
2098,85.23855322
2099,85.20188806
2100,85.1623427
2101,85.11748127
2102,85.06519154
2103,85.00633829
2104,84.94338959
2105,84.87882904
2106,84.81514022
2107,84.75480672
2108,84.70029204
2109,84.6525997
2110,84.61030914
2111,84.57177126
2112,84.53533696
2113,84.49935713
2114,84.46218268
2115,84.42248874
2116,84.38080465
2117,84.33831777
2118,84.29621627
2119,84.25568829
2120,84.217922
2121,84.18408395
2122,84.15472397
2123,84.1296999
2124,84.10883291
2125,84.09194415
2126,84.07885477
2127,84.06938594
2128,84.06330528
2129,84.06018471
2130,84.05955146
2131,84.06093275
2132,84.0638558
2133,84.06784782
2134,84.07242201
2135,84.07688494
2136,84.08038584
2137,84.08207001
2138,84.08108275
2139,84.07656933
2140,84.06767678
2141,84.05404183
2142,84.03646295
2143,84.01590707
2144,83.99334114
2145,83.9697321
2146,83.94604691
2147,83.92317758
2148,83.90136934
2149,83.88053644
2150,83.8605905
2151,83.84144311
2152,83.82300589
2153,83.8051874
2154,83.78770417
2155,83.76996957
2156,83.75137024
2157,83.73129282
2158,83.70912394
2159,83.68425024
2160,83.65608643
2161,83.62419872
2162,83.58820426
2163,83.54772023
2164,83.5023638
2165,83.45175215
2166,83.39554751
2167,83.3345828
2168,83.2709416
2169,83.20676856
2170,83.14420834
2171,83.08540558
2172,83.03250487
2173,82.98678762
2174,82.94655161
2175,82.9094504
2176,82.87313754
2177,82.83526658
2178,82.79349106
2179,82.74561512
2180,82.69150365
2181,82.63251506
2182,82.57004115
2183,82.50547374
2184,82.44020462
2185,82.37562345
2186,82.31264602
2187,82.25112187
2188,82.1907549
2189,82.13124899
2190,82.07230804
2191,82.01363594
2192,81.95494336
2193,81.895996
2194,81.83658634
2195,81.77650699
2196,81.7155506
2197,81.6535098
2198,81.59018635
2199,81.52588628
2200,81.46167279
2201,81.39867147
2202,81.33800789
2203,81.28080764
2204,81.22819629
2205,81.18097623
2206,81.1383015
2207,81.09880205
2208,81.06110759
2209,81.02384784
2210,80.98565252
2211,80.94520744
2212,80.9025291
2213,80.85898769
2214,80.81601409
2215,80.77503917
2216,80.73749381
2217,80.70480874
2218,80.67783547
2219,80.65553183
2220,80.63646926
2221,80.6192192
2222,80.60235309
2223,80.58444238
2224,80.56418123
2225,80.54182818
2226,80.51872052
2227,80.49621694
2228,80.47567613
2229,80.45845676
2230,80.44591344
2231,80.43868627
2232,80.43588992
2233,80.43644288
2234,80.43926365
2235,80.44327072
2236,80.44738261
2237,80.45061012
2238,80.45266912
2239,80.45360051
2240,80.45344695
2241,80.4522511
2242,80.45005562
2243,80.44691014
2244,80.44320359
2245,80.4398096
2246,80.43763905
2247,80.43760282
2248,80.44061178
2249,80.44757681
2250,80.45917868
2251,80.47498949
2252,80.4942478
2253,80.51619214
2254,80.54006102
2255,80.56509295
2256,80.59052581
2257,80.61558381
2258,80.63947788
2259,80.66141844
2260,80.68061589
2261,80.69628062
2262,80.70762323
2263,80.71423487
2264,80.71688384
2265,80.71656536
2266,80.71427463
2267,80.71100687
2268,80.70775727
2269,80.70546049
2270,80.70433076
2271,80.70410976
2272,80.70453093
2273,80.70532768
2274,80.70623345
2275,80.70698239
2276,80.70741165
2277,80.70756703
2278,80.70751962
2279,80.70734047
2280,80.70710064
2281,80.70687122
2282,80.70671544
2283,80.7066403
2284,80.70662823
2285,80.70666151
2286,80.70672246
2287,80.70679337
2288,80.70685672
2289,80.706902
2290,80.70692823
2291,80.70693515
2292,80.70692246
2293,80.70688989
2294,80.70683715
2295,80.70676676
2296,80.70669392
2297,80.70663745
2298,80.70661617
2299,80.7066489
2300,80.70675447
2301,80.70694935
2302,80.70720328
2303,80.70744287
2304,80.70759311
2305,80.707579
2306,80.70732555
2307,80.70675782
2308,80.70588072
2309,80.70493287
2310,80.70419546
2311,80.70394969
2312,80.70447673
2313,80.70605777
2314,80.7089045
2315,80.71245635
2316,80.7156709
2317,80.71749841
2318,80.71688914
2319,80.71279335
2320,80.70416682
2321,80.69061347
2322,80.67298465
2323,80.65227345
2324,80.62947299
2325,80.60557638
2326,80.58157672
2327,80.55837355
2328,80.53623264
2329,80.51515684
2330,80.49514812
2331,80.47620846
2332,80.45833985
2333,80.44153346
2334,80.42536352
2335,80.40886484
2336,80.39103639
2337,80.37087712
2338,80.347386
2339,80.31956199
2340,80.28672574
2341,80.24958237
2342,80.20920937
2343,80.16668424
2344,80.12308449
2345,80.07948761
2346,80.03693063
2347,79.99570571
2348,79.95545079
2349,79.9157816
2350,79.87631383
2351,79.8366632
2352,79.79644569
2353,79.75547585
2354,79.71411873
2355,79.67283399
2356,79.6320813
2357,79.59232032
2358,79.5540107
2359,79.51750366
2360,79.48202266
2361,79.44612213
2362,79.40834772
2363,79.36724508
2364,79.32135986
2365,79.26925074
2366,79.21075782
2367,79.14806425
2368,79.08360311
2369,79.01980749
2370,78.95911046
2371,78.90394511
2372,78.85625364
2373,78.81484329
2374,78.77728839
2375,78.74116029
2376,78.70403037
2377,78.66346997
2378,78.61709823
2379,78.56418666
2380,78.50604201
2381,78.4440964
2382,78.37978197
2383,78.31453084
2384,78.24977515
2385,78.18665084
2386,78.12508907
2387,78.06471462
2388,78.00515229
2389,77.94602687
2390,77.88696317
2391,77.82759957
2392,77.76780556
2393,77.70764388
2394,77.64718323
2395,77.58649229
2396,77.52563975
2397,77.4646943
2398,77.4037325
2399,77.34285145
2400,77.28215161
2401,77.22173343
2402,77.16169738
2403,77.1021439
2404,77.04313842
2405,76.98440505
2406,76.92547546
2407,76.86587913
2408,76.80514556
2409,76.74280424
2410,76.67839391
2411,76.61222362
2412,76.54594105
2413,76.48132779
2414,76.4201654
2415,76.36423544
2416,76.31531948
2417,76.27460463
2418,76.23969667
2419,76.20686675
2420,76.17238379
2421,76.13251667
2422,76.08353431
2423,76.02181984
2424,75.9473223
2425,75.8641722
2426,75.77673835
2427,75.68938957
2428,75.60649468
2429,75.53242251
2430,75.47043014
2431,75.41949956
2432,75.37758528
2433,75.34264179
2434,75.31262361
2435,75.28548523
2436,75.25918147
2437,75.2316721
2438,75.20092085
2439,75.16489154
2440,75.12154802
2441,75.0688541
2442,75.00477808
2443,74.92893518
2444,74.84503932
2445,74.75743134
2446,74.67045206
2447,74.58844233
2448,74.51574298
2449,74.45616646
2450,74.40869628
2451,74.36972855
2452,74.33563477
2453,74.30278644
2454,74.26755508
2455,74.22633706
2456,74.17731119
2457,74.12160083
2458,74.06060507
2459,73.99572305
2460,73.92835388
2461,73.85989669
2462,73.79169971
2463,73.72482185
2464,73.66021992
2465,73.59885059
2466,73.54167054
2467,73.48963647
2468,73.44365295
2469,73.40315081
2470,73.36591541
2471,73.3296456
2472,73.29204018
2473,73.25079799
2474,73.20361786
2475,73.14905924
2476,73.08881006
2477,73.02526903
2478,72.96083482
2479,72.89790613
2480,72.83888163
2481,72.78601747
2482,72.73948689
2483,72.69788484
2484,72.65976709
2485,72.62368941
2486,72.58820759
2487,72.55187925
2488,72.51377444
2489,72.4741724
2490,72.43352665
2491,72.39229074
2492,72.35091821
2493,72.3098626
2494,72.26951856
2495,72.22977539
2496,72.19026521
2497,72.15061807
2498,72.11046403
2499,72.06943316
2500,72.02716375
2501,71.98380655
2502,71.94031724
2503,71.89772204
2504,71.85704715
2505,71.81931877
2506,71.78556312
2507,71.75658145
2508,71.73196737
2509,71.71091095
2510,71.69260196
2511,71.67623019
2512,71.66098541
2513,71.64605921
2514,71.63068972
2515,71.61416456
2516,71.59577371
2517,71.57480719
2518,71.55055499
2519,71.52230716
2520,71.48963109
2521,71.45304762
2522,71.41328226
2523,71.37106058
2524,71.3271081
2525,71.28215035
2526,71.23691317
2527,71.19212622
2528,71.14852196
2529,71.10683292
2530,71.06779161
2531,71.03213055
2532,71.00058034
2533,70.97345897
2534,70.9501609
2535,70.92995518
2536,70.91211089
2537,70.89589706
2538,70.88058276
2539,70.86543686
2540,70.84972668
2541,70.83271882
2542,70.81367985
2543,70.79187636
2544,70.76657494
2545,70.73705243
2546,70.70314489
2547,70.6655239
2548,70.62492942
2549,70.58210138
2550,70.53777972
2551,70.49270438
2552,70.44760989
2553,70.40320326
2554,70.36018282
2555,70.31924689
2556,70.28109381
2557,70.24642189
2558,70.215903
2559,70.1895866
2560,70.16689213
2561,70.14721103
2562,70.12993471
2563,70.11445461
2564,70.10016213
2565,70.08633054
2566,70.07184905
2567,70.05552892
2568,70.03618146
2569,70.01261793
2570,69.98364963
2571,69.94824895
2572,69.90742783
2573,69.86359766
2574,69.8191972
2575,69.77666521
2576,69.73844048
2577,69.70694788
2578,69.68223654
2579,69.65930969
2580,69.63252567
2581,69.59624276
2582,69.5448193
2583,69.47261359
2584,69.3744221
2585,69.24836682
2586,69.09409505
2587,68.9112621
2588,68.69952325
2589,68.45853379
2590,68.18808073
2591,67.89427821
2592,67.59223479
2593,67.29774503
2594,67.02660346
2595,66.79460461
2596,66.61754303
2597,66.50640226
2598,66.44911543
2599,66.4267204
2600,66.42025377
2601,66.41075215
2602,66.37925215
2603,66.30732141
2604,66.18797089
2605,66.02524237
2606,65.82362617
2607,65.58761259
2608,65.32169194
2609,65.03035546
2610,64.71985394
2611,64.40185081
2612,64.08904692
2613,63.79414312
2614,63.52984026
2615,63.30883918
2616,63.14267272
2617,63.02907749
2618,62.95678471
2619,62.91437073
2620,62.89041191
2621,62.8734846
2622,62.85219212
2623,62.81888754
2624,62.77348448
2625,62.7168053
2626,62.64967236
2627,62.57290803
2628,62.48733468
2629,62.39390444
2630,62.29449692
2631,62.1913953
2632,62.08688442
2633,61.98324914
2634,61.8827743
2635,61.78771182
2636,61.69890899
2637,61.61531293
2638,61.53573592
2639,61.45899021
2640,61.38388806
2641,61.30924173
2642,61.23397057
2643,61.15747884
2644,61.07930799
2645,60.99899947
2646,60.9160947
2647,60.83013516
2648,60.74067629
2649,60.64755113
2650,60.55084754
2651,60.4506628
2652,60.34709418
2653,60.24023897
2654,60.13019445
2655,60.01705163
2656,59.90088322
2657,59.78175865
2658,59.65974732
2659,59.53491867
2660,59.4073421
2661,59.27706364
2662,59.14387106
2663,59.00739181
2664,58.86725093
2665,58.72307348
2666,58.5744845
2667,58.42110593
2668,58.26220325
2669,58.09635924
2670,57.92207964
2671,57.73787017
2672,57.54223655
2673,57.3336845
2674,57.11090956
2675,56.87388534
2676,56.62311291
2677,56.35909499
2678,56.08233431
2679,55.79333357
2680,55.49255236
2681,55.17880603
2682,54.84879289
2683,54.49907168
2684,54.12620111
2685,53.72673991
2686,53.2972468
2687,52.83551484
2688,52.34461956
2689,51.82904932
2690,51.29329249
2691,50.74183745
2692,50.17917258
2693,49.60982743
2694,49.03908332
2695,48.47287858
2696,47.91717368
2697,47.37792908
2698,46.86110523
2699,46.37265124
2700,45.91040903
2701,45.44986781
2702,44.96269737
2703,44.4205675
2704,43.79514796
2705,43.05810856
2706,42.18402508
2707,41.17749376
2708,40.0608302
2709,38.8565794
2710,37.58728632
2711,36.27549597
2712,34.94374473
2713,33.61374055
2714,32.30568422
2715,31.03961678
2716,29.83557928
2717,28.71361278
2718,27.69375831
2719,26.79041742
2720,25.98218712
2721,25.2336581
2722,24.50938861
2723,23.77393687
2724,22.99186113
2725,22.12840674
2726,21.17234237
2727,20.14126805
2728,19.05454634
2729,17.93153976
2730,16.79161089
2731,15.65412226
2732,14.53651626
2733,13.44846774
2734,12.39768765
2735,11.39188695
2736,10.43877659
2737,9.546067536
2738,8.721126794
2739,7.965518393
2740,7.275977694
2741,6.649093037
2742,6.081452761
2743,5.569645207
2744,5.110257532
2745,4.69929417
2746,4.331237525
2747,4.000324601
2748,3.7007924
2749,3.426877925
2750,3.17281818
2751,2.933215304
2752,2.706206001
2753,2.491909955
2754,2.290468784
2755,2.102024105
2756,1.926717535
2757,1.764687374
2758,1.615799188
2759,1.479447016
2760,1.354978044
2761,1.241739459
2762,1.139078446
2763,1.046342191
2764,0.962899348
2765,0.888247149
2766,0.821930485
2767,0.763494325
2768,0.712483638
2769,0.668443393
2770,0.630918606
2771,0.59945575
2772,0.573602996
2773,0.552908615
2774,0.536920874
2775,0.525188042
2776,0.517258387
2777,0.512643408
2778,0.510713995
2779,0.510807435
2780,0.512261014
2781,0.51441202
2782,0.516597738
2783,0.518184101
2784,0.518984697
2785,0.519167724
2786,0.518911096
2787,0.518392728
2788,0.517790535
2789,0.517282267
2790,0.51698682
2791,0.516877402
2792,0.516905066
2793,0.517020867
2794,0.517175858
2795,0.517321094
2796,0.517412092
2797,0.517444909
2798,0.517437214
2799,0.517406874
2800,0.517371761
2801,0.517349742
2802,0.517358484
2803,0.517401279
2804,0.517457794
2805,0.517505497
2806,0.517521857
2807,0.517484344
2808,0.517370426
2809,0.517168541
2810,0.516929152
2811,0.51672449
2812,0.51662681
2813,0.516708368
2814,0.51704142
2815,0.517692739
2816,0.518575447
2817,0.519431959
2818,0.519995784
2819,0.520000431
2820,0.519179408
2821,0.517266232
2822,0.514226427
2823,0.510864237
2824,0.508173373
2825,0.507147546
2826,0.508780464
2827,0.514065838
2828,0.523930838
2829,0.538337414
2830,0.556519749
2831,0.577694164
2832,0.60107698
2833,0.625884518
2834,0.6513331
2835,0.67663905
2836,0.701018703
2837,0.723688392
2838,0.743864453
2839,0.76076322
2840,0.773601028
2841,0.781722252
2842,0.785563324
2843,0.786113615
2844,0.784366795
2845,0.781316534
2846,0.777956502
2847,0.775272807
2848,0.773787514
2849,0.773297381
2850,0.773536062
2851,0.774237214
2852,0.775134492
2853,0.775961551
2854,0.776493714
2855,0.776728725
2856,0.776738242
2857,0.776593975
2858,0.77636763
2859,0.776130916
2860,0.775953859
2861,0.77586356
2862,0.775841711
2863,0.775867825
2864,0.775921413
2865,0.775981987
2866,0.776029061
2867,0.776048115
2868,0.776045038
2869,0.776030074
2870,0.776013467
2871,0.77600546
2872,0.776016298
2873,0.776054965
2874,0.77611344
2875,0.776171502
2876,0.776208662
2877,0.776204433
2878,0.776138327
2879,0.775989979
2880,0.775765132
2881,0.775527647
2882,0.775349234
2883,0.775301601
2884,0.775456456
2885,0.775885506
2886,0.776634249
2887,0.777538018
2888,0.778331111
2889,0.778747183
2890,0.778519889
2891,0.777382885
2892,0.77507875
2893,0.771829867
2894,0.768571961
2895,0.766298702
2896,0.766003762
2897,0.768680812
2898,0.775323524
2899,0.78669258
2900,0.802373883
2901,0.821583897
2902,0.843538951
2903,0.867455377
2904,0.892549503
2905,0.918037661
2906,0.943136184
2907,0.967061411
2908,0.989029681
2909,1.008257334
2910,1.023960707
2911,1.035356248
2912,1.042024171
2913,1.044720849
2914,1.044439927
2915,1.042175048
2916,1.038919858
2917,1.035668001
2918,1.03335667
2919,1.032213459
2920,1.031981486
2921,1.032394505
2922,1.033186268
2923,1.034090531
2924,1.034841641
2925,1.035273613
2926,1.035431036
2927,1.035385251
2928,1.035207598
2929,1.034969418
2930,1.034742051
2931,1.034589303
2932,1.034518127
2933,1.034509543
2934,1.034544433
2935,1.034603683
2936,1.034668177
2937,1.034719
2938,1.034746769
2939,1.034755586
2940,1.034750572
2941,1.034736849
2942,1.034719541
2943,1.034703767
2944,1.034693747
2945,1.03468939
2946,1.034689323
2947,1.034692174
2948,1.03469657
2949,1.03470114
2950,1.034704549
2951,1.034706318
2952,1.034706781
2953,1.034706305
2954,1.034705258
2955,1.034704009
2956,1.034702924
2957,1.034702271
2958,1.03470201
2959,1.034702042
2960,1.03470227
2961,1.034702594
2962,1.034702915
2963,1.034703142
2964,1.034703253
2965,1.034703275
2966,1.034703233
2967,1.034703154
2968,1.034703064
2969,1.034702991
2970,1.034702948
2971,1.034702933
2972,1.034702938
2973,1.034702956
2974,1.034702979
2975,1.034703002
2976,1.034703017
2977,1.034703024
2978,1.034703025
2979,1.034703021
2980,1.034703015
2981,1.034703009
2982,1.034703004
2983,1.034703001
2984,1.034703
2985,1.034703001
2986,1.034703002
2987,1.034703004
2988,1.034703005
2989,1.034703006
2990,1.034703007
2991,1.034703007
2992,1.034703006
2993,1.034703006
2994,1.034703006
2995,1.034703005
2996,1.034703005
2997,1.034703005
2998,1.034703005
2999,1.034703005
3000,1.034703005
3001,1.034703005
3002,1.034703005
3003,1.034703006
3004,1.034703006
3005,1.034703006
3006,1.034703005
3007,1.034703005
3008,1.034703005
3009,1.034703005
3010,1.034703005
3011,1.034703005
3012,1.034703005
3013,1.034703005
3014,1.034703005
3015,1.034703006
3016,1.034703006
3017,1.034703007
3018,1.034703007
3019,1.034703006
3020,1.034703006
3021,1.034703004
3022,1.034703002
3023,1.034703001
3024,1.034703
3025,1.034703001
3026,1.034703003
3027,1.034703007
3028,1.034703014
3029,1.03470302
3030,1.034703024
3031,1.034703024
3032,1.034703019
3033,1.034703006
3034,1.034702984
3035,1.03470296
3036,1.034702941
3037,1.034702933
3038,1.034702943
3039,1.034702979
3040,1.034703047
3041,1.034703135
3042,1.034703219
3043,1.034703271
3044,1.034703264
3045,1.034703174
3046,1.034702973
3047,1.034702664
3048,1.034702333
3049,1.034702077
3050,1.034701996
3051,1.034702188
3052,1.034702751
3053,1.034703757
3054,1.034705003
3055,1.034706122
3056,1.034706747
3057,1.03470651
3058,1.034705044
3059,1.034701986
3060,1.034697553
3061,1.034693007
3062,1.034689721
3063,1.034689068
3064,1.034692419
3065,1.034701146
3066,1.034715959
3067,1.03473337
3068,1.034748262
3069,1.034755512
3070,1.034749997
3071,1.034726597
3072,1.034680498
3073,1.034617317
3074,1.034555399
3075,1.034513859
3076,1.034511814
3077,1.034568379
3078,1.034702668
3079,1.034918808
3080,1.035160618
3081,1.035356757
3082,1.035435886
3083,1.035326663
3084,1.034957749
3085,1.034268345
3086,1.033374151
3087,1.032537008
3088,1.032023164
3089,1.032098864
3090,1.033030355
3091,1.035083225
3092,1.038209377
3093,1.041545793
3094,1.044098828
3095,1.044874838
3096,1.042880178
3097,1.037121203
3098,1.026715039
3099,1.011844203
3100,0.993285887
3101,0.971823754
3102,0.948241468
3103,0.92332269
3104,0.897851085
3105,0.872610315
3106,0.848384043
3107,0.825955932
3108,0.806109644
3109,0.789628844
3110,0.777297194
3111,0.76970419
3112,0.766283102
3113,0.766040954
3114,0.767984102
3115,0.771118901
3116,0.774451706
3117,0.777007101
3118,0.778367393
3119,0.778762498
3120,0.778458663
3121,0.777722135
3122,0.776819159
3123,0.776015981
3124,0.775519686
3125,0.775312395
3126,0.775322768
3127,0.775479464
3128,0.775711143
3129,0.775946464
3130,0.776117199
3131,0.776203385
3132,0.776223108
3133,0.776195482
3134,0.776139624
3135,0.776074649
3136,0.776019654
3137,0.775987421
3138,0.775975178
3139,0.775977804
3140,0.775990175
3141,0.776007171
3142,0.776023668
3143,0.776034983
3144,0.776040375
3145,0.776041199
3146,0.776038827
3147,0.776034634
3148,0.776029991
3149,0.776026262
3150,0.77602419
3151,0.776023499
3152,0.776023818
3153,0.77602478
3154,0.776026013
3155,0.776027149
3156,0.776027872
3157,0.776028181
3158,0.776028179
3159,0.776027974
3160,0.77602767
3161,0.776027374
3162,0.776027187
3163,0.776027142
3164,0.776027189
3165,0.776027276
3166,0.77602735
3167,0.776027358
3168,0.776027247
3169,0.776026994
3170,0.776026681
3171,0.776026413
3172,0.776026296
3173,0.776026436
3174,0.776026937
3175,0.776027889
3176,0.776029119
3177,0.776030263
3178,0.776030952
3179,0.776030815
3180,0.776029484
3181,0.776026589
3182,0.776022239
3183,0.776017647
3184,0.776014188
3185,0.776013234
3186,0.776016158
3187,0.776024332
3188,0.776038659
3189,0.776056044
3190,0.776071381
3191,0.776079548
3192,0.776075421
3193,0.77605388
3194,0.776009949
3195,0.775947612
3196,0.77588478
3197,0.775840569
3198,0.775834095
3199,0.775884473
3200,0.77601082
3201,0.776221031
3202,0.776463458
3203,0.776666774
3204,0.776759638
3205,0.776670709
3206,0.776328646
3207,0.775668344
3208,0.774782268
3209,0.773928768
3210,0.773374089
3211,0.773384477
3212,0.77422618
3213,0.776165409
3214,0.779222358
3215,0.782580919
3216,0.785247448
3217,0.786228299
3218,0.784529829
3219,0.779158392
3220,0.76919389
3221,0.754701387
3222,0.73644936
3223,0.715221472
3224,0.691801386
3225,0.666972765
3226,0.641519272
3227,0.61622457
3228,0.591872322
3229,0.569246191
3230,0.54912984
3231,0.532306932
3232,0.519561129
3233,0.511537283
3234,0.507774073
3235,0.507281152
3236,0.509064876
3237,0.512131599
3238,0.515487676
3239,0.518148531
3240,0.519610919
3241,0.520083643
3242,0.51983295
3243,0.519125087
3244,0.518226299
3245,0.517402834
3246,0.516876413
3247,0.516645532
3248,0.516638872
3249,0.516785095
3250,0.517012858
3251,0.517250821
3252,0.517429518
3253,0.517522773
3254,0.517547807
3255,0.517523735
3256,0.517469674
3257,0.517404741
3258,0.517348049
3259,0.517313726
3260,0.517299865
3261,0.517301343
3262,0.517313034
3263,0.517329815
3264,0.517346562
3265,0.517358446
3266,0.517364305
3267,0.517365471
3268,0.517363325
3269,0.517359244
3270,0.51735461
3271,0.517350798
3272,0.517348659
3273,0.517347937
3274,0.51734824
3275,0.517349173
3276,0.517350341
3277,0.517351351
3278,0.517351858
3279,0.51735189
3280,0.517351642
3281,0.517351312
3282,0.517351096
3283,0.517351193
3284,0.517351793
3285,0.517352857
3286,0.517354013
3287,0.517354869
3288,0.51735503
3289,0.517354102
3290,0.517351691
3291,0.51734765
3292,0.517343012
3293,0.517339156
3294,0.517337461
3295,0.517339308
3296,0.517346074
3297,0.51735899
3298,0.517376096
3299,0.51739239
3300,0.517402748
3301,0.517402046
3302,0.51738516
3303,0.517346969
3304,0.5172876
3305,0.517223144
3306,0.517172718
3307,0.517155436
3308,0.517190415
3309,0.517296772
3310,0.517489168
3311,0.517730365
3312,0.517949582
3313,0.51807548
3314,0.518036718
3315,0.517761955
3316,0.51718063
3317,0.516326378
3318,0.515440763
3319,0.51479003
3320,0.514640425
3321,0.515258195
3322,0.516909587
3323,0.519747484
3324,0.523124272
3325,0.526047652
3326,0.527523978
3327,0.526559606
3328,0.522160892
3329,0.513351541
3330,0.499878584
3331,0.482457906
3332,0.461873171
3333,0.438908041
3334,0.414346179
3335,0.388971248
3336,0.363566912
3337,0.338916833
3338,0.315804674
3339,0.295014099
3340,0.277328769
3341,0.263532349
3342,0.254362736
3343,0.249666202
3344,0.24847858
3345,0.249806227
3346,0.252655496
3347,0.256032744
3348,0.25894461
3349,0.260684313
3350,0.261370413
3351,0.261269156
3352,0.260646791
3353,0.259769562
3354,0.258903715
3355,0.25829743
3356,0.258002077
3357,0.25794808
3358,0.258064096
3359,0.258278786
3360,0.25852081
3361,0.258719088
3362,0.258831574
3363,0.258871248
3364,0.258857226
3365,0.258808624
3366,0.258744556
3367,0.258684139
3368,0.258644153
3369,0.258625839
3370,0.258624095
3371,0.258633798
3372,0.258649826
3373,0.258667057
3374,0.258680443
3375,0.258687658
3376,0.258689848
3377,0.258688387
3378,0.258684646
3379,0.258679999
3380,0.258675817
3381,0.258673198
3382,0.258672083
3383,0.258672103
3384,0.25867289
3385,0.258674077
3386,0.258675295
3387,0.258676192
3388,0.25867665
3389,0.258676762
3390,0.258676627
3391,0.258676342
3392,0.258676007
3393,0.25867572
3394,0.25867555
3395,0.258675484
3396,0.258675495
3397,0.258675557
3398,0.258675645
3399,0.25867573
3400,0.25867579
3401,0.258675819
3402,0.258675824
3403,0.258675812
3404,0.25867579
3405,0.258675766
3406,0.258675747
3407,0.258675736
3408,0.258675732
3409,0.258675733
3410,0.258675738
3411,0.258675744
3412,0.258675751
3413,0.258675755
3414,0.258675757
3415,0.258675758
3416,0.258675757
3417,0.258675756
3418,0.258675753
3419,0.25867575
3420,0.258675747
3421,0.258675745
3422,0.258675743
3423,0.258675744
3424,0.258675746
3425,0.258675751
3426,0.258675759
3427,0.258675768
3428,0.258675775
3429,0.258675778
3430,0.258675774
3431,0.258675761
3432,0.258675735
3433,0.258675703
3434,0.258675673
3435,0.258675654
3436,0.258675657
3437,0.258675691
3438,0.258675765
3439,0.258675879
3440,0.258676
3441,0.258676093
3442,0.258676121
3443,0.258676048
3444,0.258675839
3445,0.258675467
3446,0.258675011
3447,0.258674604
3448,0.25867438
3449,0.258674475
3450,0.258675022
3451,0.258676154
3452,0.258677783
3453,0.258679442
3454,0.25868063
3455,0.258680844
3456,0.258679582
3457,0.258676342
3458,0.258670882
3459,0.258664509
3460,0.258659097
3461,0.258656521
3462,0.258658655
3463,0.258667375
3464,0.258684425
3465,0.258707612
3466,0.258730192
3467,0.258745169
3468,0.258745546
3469,0.258724325
3470,0.258674511
3471,0.258594941
3472,0.258506513
3473,0.258435341
3474,0.258407537
3475,0.258449213
3476,0.258586482
3477,0.258841164
3478,0.259169016
3479,0.259473974
3480,0.259658585
3481,0.259625397
3482,0.259276957
3483,0.258516169
3484,0.257366654
3485,0.256147683
3486,0.255222956
3487,0.25495617
3488,0.255711027
3489,0.257851224
3490,0.261623713
3491,0.266228518
3492,0.270313274
3493,0.272520636
3494,0.27149326
3495,0.265873803
3496,0.254323178
3497,0.236755697
3498,0.215125123
3499,0.191572464
3500,0.168238725
3501,0.147264914
3502,0.130792038
3503,0.120551027
3504,0.115981071
3505,0.115725615
3506,0.118427317
3507,0.122728832
3508,0.127272815
3509,0.13073047
3510,0.132557777
3511,0.133074121
3512,0.132643202
3513,0.131628717
3514,0.130394366
3515,0.129303845
3516,0.128635026
3517,0.128358982
3518,0.128378262
3519,0.128595411
3520,0.128912978
3521,0.129233509
3522,0.129464264
3523,0.129579859
3524,0.129605203
3525,0.129566406
3526,0.129489581
3527,0.129400841
3528,0.129326262
3529,0.129282865
3530,0.12926663
3531,0.129270562
3532,0.129287662
3533,0.129310936
3534,0.129333385
3535,0.129348662
3536,0.129355883
3537,0.129356901
3538,0.129353593
3539,0.129347832
3540,0.129341493
3541,0.129336437
3542,0.129333642
3543,0.129332723
3544,0.129333177
3545,0.129334502
3546,0.129336196
3547,0.129337757
3548,0.12933876
3549,0.129339204
3550,0.129339223
3551,0.129338951
3552,0.129338522
3553,0.129338073
3554,0.129337733
3555,0.129337554
3556,0.129337505
3557,0.129337549
3558,0.129337651
3559,0.129337773
3560,0.129337881
3561,0.129337946
3562,0.129337973
3563,0.129337971
3564,0.129337949
3565,0.129337917
3566,0.129337885
3567,0.129337863
3568,0.129337852
3569,0.129337849
3570,0.129337853
3571,0.129337861
3572,0.12933787
3573,0.129337877
3574,0.129337881
3575,0.129337883
3576,0.129337882
3577,0.129337881
3578,0.129337878
3579,0.129337876
3580,0.129337875
3581,0.129337874
3582,0.129337874
3583,0.129337874
3584,0.129337875
3585,0.129337875
3586,0.129337876
3587,0.129337876
3588,0.129337876
3589,0.129337876
3590,0.129337876
3591,0.129337876
3592,0.129337876
3593,0.129337876
3594,0.129337876
3595,0.129337876
3596,0.129337876
3597,0.129337876
3598,0.129337876
3599,0.129337876
3600,0.129337876
3601,0.129337876
3602,0.129337876
3603,0.129337876
3604,0.129337876
3605,0.129337876
3606,0.129337876
3607,0.129337876
3608,0.129337876
3609,0.129337876
3610,0.129337876
3611,0.129337876
3612,0.129337876
3613,0.129337876
3614,0.129337876
3615,0.129337876
3616,0.129337876
3617,0.129337876
3618,0.129337876
3619,0.129337876
3620,0.129337876
3621,0.129337876
3622,0.129337876
3623,0.129337876
3624,0.129337876
3625,0.129337876
3626,0.129337876
3627,0.129337876
3628,0.129337876
3629,0.129337876
3630,0.129337876
3631,0.129337876
3632,0.129337876
3633,0.129337876
3634,0.129337876
3635,0.129337876
3636,0.129337876
3637,0.129337876
3638,0.129337876
3639,0.129337876
3640,0.129337876
3641,0.129337876
3642,0.129337876
3643,0.129337876
3644,0.129337876
3645,0.129337876
3646,0.129337876
3647,0.129337876
3648,0.129337876
3649,0.129337876
3650,0.129337876
3651,0.129337876
3652,0.129337876
3653,0.129337876
3654,0.129337876
3655,0.129337876
3656,0.129337876
3657,0.129337876
3658,0.129337876
3659,0.129337876
3660,0.129337876
3661,0.129337876
3662,0.129337876
3663,0.129337876
3664,0.129337876
3665,0.129337876
3666,0.129337876
3667,0.129337876
3668,0.129337876
3669,0.129337876
3670,0.129337876
3671,0.129337876
3672,0.129337876
3673,0.129337876
3674,0.129337876
3675,0.129337876
3676,0.129337876
3677,0.129337876
3678,0.129337876
3679,0.129337876
3680,0.129337876
3681,0.129337876
3682,0.129337876
3683,0.129337876
3684,0.129337876
3685,0.129337876
3686,0.129337876
3687,0.129337876
3688,0.129337876
3689,0.129337876
3690,0.129337876
3691,0.129337876
3692,0.129337876
3693,0.129337876
3694,0.129337876
3695,0.129337876
3696,0.129337876
3697,0.129337876
3698,0.129337876
3699,0.129337876
3700,0.129337876
3701,0.129337876
3702,0.129337876
3703,0.129337876
3704,0.129337876
3705,0.129337876
3706,0.129337876
3707,0.129337876
3708,0.129337876
3709,0.129337876
3710,0.129337876
3711,0.129337876
3712,0.129337876
3713,0.129337876
3714,0.129337876
3715,0.129337876
3716,0.129337876
3717,0.129337876
3718,0.129337876
3719,0.129337876
3720,0.129337876
3721,0.129337876
3722,0.129337876
3723,0.129337876
3724,0.129337876
3725,0.129337876
3726,0.129337876
3727,0.129337876
3728,0.129337876
3729,0.129337876
3730,0.129337876
3731,0.129337876
3732,0.129337876
3733,0.129337876
3734,0.129337876
3735,0.129337876
3736,0.129337876
3737,0.129337876
3738,0.129337876
3739,0.129337876
3740,0.129337876
3741,0.129337876
3742,0.129337876
3743,0.129337876
3744,0.129337876
3745,0.129337876
3746,0.129337876
3747,0.129337876
3748,0.129337876
3749,0.129337876
3750,0.129337876
3751,0.129337876
3752,0.129337876
3753,0.129337876
3754,0.129337876
3755,0.129337876
3756,0.129337876
3757,0.129337876
3758,0.129337876
3759,0.129337876
3760,0.129337876
3761,0.129337876
3762,0.129337876
3763,0.129337876
3764,0.129337876
3765,0.129337876
3766,0.129337876
3767,0.129337876
3768,0.129337876
3769,0.129337876
3770,0.129337876
3771,0.129337876
3772,0.129337876
3773,0.129337876
3774,0.129337876
3775,0.129337876
3776,0.129337876
3777,0.129337876
3778,0.129337876
3779,0.129337876
3780,0.129337876
3781,0.129337876
3782,0.129337876
3783,0.129337876
3784,0.129337876
3785,0.129337876
3786,0.129337876
3787,0.129337876
3788,0.129337876
3789,0.129337876
3790,0.129337876
3791,0.129337876
3792,0.129337876
3793,0.129337876
3794,0.129337876
3795,0.129337876
3796,0.129337876
3797,0.129337876
3798,0.129337876
3799,0.129337876
3800,0.129337876
3801,0.129337876
3802,0.129337876
3803,0.129337876
3804,0.129337876
3805,0.129337876
3806,0.129337876
3807,0.129337876
3808,0.129337876
3809,0.129337876
3810,0.129337876
3811,0.129337876
3812,0.129337876
3813,0.129337876
3814,0.129337876
3815,0.129337876
3816,0.129337876
3817,0.129337876
3818,0.129337876
3819,0.129337876
3820,0.129337876
3821,0.129337876
3822,0.129337876
3823,0.129337876
3824,0.129337876
3825,0.129337876
3826,0.129337876
3827,0.129337876
3828,0.129337876
3829,0.129337876
3830,0.129337876
3831,0.129337876
3832,0.129337876
3833,0.129337876
3834,0.129337876
3835,0.129337876
3836,0.129337876
3837,0.129337876
3838,0.129337876
3839,0.129337876
3840,0.129337876
3841,0.129337876
3842,0.129337876
3843,0.129337876
3844,0.129337876
3845,0.129337876
3846,0.129337876
3847,0.129337876
3848,0.129337876
3849,0.129337876
3850,0.129337876
3851,0.129337876
3852,0.129337876
3853,0.129337876
3854,0.129337876
3855,0.129337876
3856,0.129337876
3857,0.129337876
3858,0.129337876
3859,0.129337876
3860,0.129337876
3861,0.129337876
3862,0.129337876
3863,0.129337876
3864,0.129337876
3865,0.129337876
3866,0.129337876
3867,0.129337876
3868,0.129337876
3869,0.129337876
3870,0.129337876
3871,0.129337876
3872,0.129337876
3873,0.129337876
3874,0.129337876
3875,0.129337876
3876,0.129337876
3877,0.129337876
3878,0.129337876
3879,0.129337876
3880,0.129337876
3881,0.129337876
3882,0.129337876
3883,0.129337876
3884,0.129337876
3885,0.129337876
3886,0.129337876
3887,0.129337876
3888,0.129337876
3889,0.129337876
3890,0.129337876
3891,0.129337876
3892,0.129337876
3893,0.129337876
3894,0.129337876
3895,0.129337876
3896,0.129337876
3897,0.129337876
3898,0.129337876
3899,0.129337876
3900,0.129337876
3901,0.129337876
3902,0.129337876
3903,0.129337876
3904,0.129337876
3905,0.129337876
3906,0.129337876
3907,0.129337876
3908,0.129337876
3909,0.129337876
3910,0.129337876
3911,0.129337876
3912,0.129337876
3913,0.129337876
3914,0.129337876
3915,0.129337876
3916,0.129337876
3917,0.129337876
3918,0.129337876
3919,0.129337876
3920,0.129337876
3921,0.129337876
3922,0.129337876
3923,0.129337876
3924,0.129337876
3925,0.129337876
3926,0.129337876
3927,0.129337876
3928,0.129337876
3929,0.129337876
3930,0.129337876
3931,0.129337876
3932,0.129337876
3933,0.129337876
3934,0.129337876
3935,0.129337876
3936,0.129337876
3937,0.129337876
3938,0.129337876
3939,0.129337876
3940,0.129337876
3941,0.129337876
3942,0.129337876
3943,0.129337876
3944,0.129337876
3945,0.129337876
3946,0.129337876
3947,0.129337876
3948,0.129337876
3949,0.129337876
3950,0.129337876
3951,0.129337876
3952,0.129337876
3953,0.129337876
3954,0.129337876
3955,0.129337876
3956,0.129337876
3957,0.129337876
3958,0.129337876
3959,0.129337876
3960,0.129337876
3961,0.129337876
3962,0.129337876
3963,0.129337876
3964,0.129337876
3965,0.129337876
3966,0.129337876
3967,0.129337876
3968,0.129337876
3969,0.129337876
3970,0.129337876
3971,0.129337876
3972,0.129337876
3973,0.129337876
3974,0.129337876
3975,0.129337876
3976,0.129337876
3977,0.129337876
3978,0.129337876
3979,0.129337876
3980,0.129337876
3981,0.129337876
3982,0.129337876
3983,0.129337876
3984,0.129337876
3985,0.129337876
3986,0.129337876
3987,0.129337876
3988,0.129337876
3989,0.129337876
3990,0.129337876
3991,0.129337876
3992,0.129337876
3993,0.129337876
3994,0.129337876
3995,0.129337876
3996,0.129337876
3997,0.129337876
3998,0.129337876
3999,0.129337876
4000,0.129337876
