lambda_nm,sapph_T,sapph_ar_rpct
751,90.42272026,9.577279738
752,90.82666484,9.173335164
753,91.26920984,8.730790158
754,91.73098335,8.269016647
755,92.15740541,7.842594588
756,92.53517792,7.464822082
757,92.96191132,7.038088681
758,93.3848172,6.615182803
759,93.73172047,6.268279531
760,94.08985561,5.910144391
761,94.46818232,5.531817676
762,94.85451645,5.14548355
763,95.20454918,4.795450824
764,95.50728208,4.492717916
765,95.77902157,4.220978429
766,96.08888655,3.911113451
767,96.41091684,3.589083157
768,96.66831939,3.331680613
769,96.90443023,3.09556977
770,97.15522837,2.844771626
771,97.40886905,2.591130952
772,97.63994056,2.360059442
773,97.83312211,2.16687789
774,98.01877228,1.981227716
775,98.18218377,1.817816228
776,98.33267175,1.667328255
777,98.49125043,1.508749569
778,98.64398008,1.35601992
779,98.7692564,1.2307436
780,98.87485678,1.125143216
781,98.96538425,1.034615749
782,99.07392458,0.926075416
783,99.14731205,0.852687946
784,99.2078935,0.7921065
785,99.25739749,0.74260251
786,99.29621366,0.703786345
787,99.31749017,0.68250983
788,99.3325953,0.667404698
789,99.348377,0.651623
790,99.35246916,0.647530844
791,99.34540819,0.654591809
792,99.32319078,0.676809221
793,99.29028789,0.709712112
794,99.25156845,0.748431551
795,99.21199531,0.788004695
796,99.16404979,0.835950213
797,99.10645879,0.893541211
798,99.02933139,0.970668608
799,98.93718385,1.062816153
800,98.83950354,1.160496463
801,98.74577785,1.254222154
802,98.66549416,1.334505843
803,98.58754661,1.412453391
804,98.4875437,1.512456299
805,98.38956153,1.610438473
806,98.28117655,1.718823454
807,98.15874837,1.841251627
808,98.03540588,1.964594119
809,97.91236296,2.087637041
810,97.79008524,2.209914764
811,97.67038482,2.329615179
812,97.52987587,2.47012413
813,97.39155061,2.608449391
814,97.26679242,2.733207584
815,97.14693671,2.85306329
816,97.02476843,2.975231568
817,96.88009938,3.119900622
818,96.72868623,3.271313775
819,96.58633846,3.413661538
820,96.46131629,3.538683706
821,96.3371293,3.662870696
822,96.20545978,3.794540218
823,96.06265324,3.937346756
824,95.91650945,4.083490554
825,95.78410792,4.215892081
826,95.65576857,4.344231429
827,95.5264041,4.473595897
828,95.39509849,4.604901507
829,95.26827667,4.731723331
830,95.1527088,4.847291201
831,95.04008749,4.959912506
832,94.89833292,5.101667077
833,94.76960139,5.230398614
834,94.65765972,5.342340283
835,94.55618752,5.443812485
836,94.45203596,5.547964045
837,94.35182448,5.648175519
838,94.24767934,5.752320657
839,94.14477628,5.855223718
840,94.06456306,5.935436943
841,93.95591594,6.044084065
842,93.86391624,6.136083758
843,93.77369321,6.226306793
844,93.68041289,6.319587115
845,93.60030807,6.399691927
846,93.52745175,6.472548254
847,93.45613998,6.543860022
848,93.38464028,6.615359725
849,93.3127293,6.687270697
850,93.24850515,6.751494848
851,93.19660428,6.803395716
852,93.15767826,6.842321738
853,93.11160386,6.888396137
854,93.05746701,6.94253299
855,93.00077273,6.999227272
856,92.94702604,7.052973958
857,92.90173198,7.098268022
858,92.87258641,7.127413587
859,92.84445717,7.155542827
860,92.81441532,7.185584681
861,92.79380071,7.206199291
862,92.77389136,7.226108642
863,92.75409351,7.245906493
864,92.73856135,7.261438651
865,92.73022945,7.26977055
866,92.72977265,7.270227348
867,92.72977265,7.270227348
868,92.72977265,7.270227348
869,92.72977265,7.270227348
870,92.73332323,7.26667677
871,92.74511157,7.25488843
872,92.75952435,7.240475652
873,92.77668498,7.223315018
874,92.79731744,7.202682563
875,92.81905689,7.180943109
876,92.84430667,7.155693333
877,92.86877176,7.131228238
878,92.90007682,7.099923179
879,92.94060938,7.059390617
880,92.98704221,7.012957792
881,93.03645448,6.963545517
882,93.08592539,6.914074609
883,93.13253412,6.867465879
884,93.17335986,6.826640143
885,93.20548179,6.794518214
886,93.25652848,6.743471525
887,93.30727291,6.692727086
888,93.36007762,6.639922379
889,93.42182563,6.57817437
890,93.48443207,6.515567927
891,93.54531326,6.454686742
892,93.60832164,6.391678356
893,93.67927901,6.320720994
894,93.75809061,6.241909392
895,93.82700658,6.172993422
896,93.87923166,6.120768337
897,93.94503319,6.054966807
898,94.02444276,5.975557239
899,94.11300095,5.886999055
900,94.20624832,5.793751676
901,94.29972548,5.700274525
902,94.38897298,5.611027023
903,94.46953141,5.530468591
904,94.53694135,5.463058652
905,94.60583778,5.394162216
906,94.68393867,5.31606133
907,94.76348326,5.236516745
908,94.84682055,5.153179447
909,94.93736979,5.062630215
910,95.0367145,4.9632855
911,95.1229812,4.877018805
912,95.19751774,4.802482258
913,95.28238728,4.71761272
914,95.38169993,4.618300075
915,95.47618295,4.523817048
916,95.56391285,4.436087155
917,95.65580571,4.344194294
918,95.74469774,4.255302257
919,95.83290414,4.16709586
920,95.92326163,4.076738375
921,96.03318405,3.966815952
922,96.11986772,3.880132283
923,96.19321992,3.806780081
924,96.28278829,3.717211714
925,96.37390158,3.626098421
926,96.45854741,3.54145259
927,96.53968278,3.460317217
928,96.61612169,3.383878307
929,96.70072821,3.299271794
930,96.80344622,3.19655378
931,96.89326519,3.106734809
932,96.97778234,3.022217662
933,97.06626562,2.933734378
934,97.14945283,2.850547175
935,97.23936668,2.760633324
936,97.31568266,2.684317345
937,97.39115417,2.608845826
938,97.46976347,2.530236527
939,97.54649161,2.453508391
940,97.62942539,2.370574612
941,97.71385964,2.286140358
942,97.78705846,2.212941537
943,97.85331582,2.146684183
944,97.92242327,2.07757673
945,98.01247084,1.987529165
946,98.08498419,1.915015806
947,98.14868004,1.851319958
948,98.21578517,1.784214828
949,98.27809778,1.721902224
950,98.34427381,1.655726192
951,98.41295887,1.587041127
952,98.47245714,1.527542864
953,98.53008397,1.46991603
954,98.59116754,1.408832461
955,98.65700005,1.342999948
956,98.71783888,1.282161124
957,98.77254535,1.227454652
958,98.82214094,1.177859056
959,98.86736081,1.132639194
960,98.91231499,1.087685014
961,98.97255675,1.027443247
962,99.02253969,0.977460306
963,99.07338013,0.926619869
964,99.12104784,0.878952161
965,99.16524961,0.834750386
966,99.20705702,0.792942979
967,99.24542943,0.754570572
968,99.28402575,0.715974254
969,99.32032956,0.679670442
970,99.36021991,0.639780088
971,99.39973866,0.600261344
972,99.43071503,0.569284973
973,99.45911095,0.540889052
974,99.48700019,0.512999809
975,99.52216586,0.477834142
976,99.5546934,0.445306596
977,99.57653872,0.423461277
978,99.60209788,0.397902121
979,99.6266889,0.373311103
980,99.64557872,0.35442128
981,99.66931979,0.330680211
982,99.68985089,0.310149108
983,99.70401956,0.295980436
984,99.71846236,0.281537637
985,99.73452012,0.26547988
986,99.75085587,0.249144128
987,99.76298248,0.237017519
988,99.77654248,0.223457525
989,99.79053165,0.209468354
990,99.79754275,0.202457253
991,99.8060104,0.193989596
992,99.81826697,0.181733029
993,99.82236792,0.177632082
994,99.82236792,0.177632082
995,99.82743673,0.172563271
996,99.83480841,0.165191594
997,99.83389842,0.166101576
998,99.83278352,0.167216476
999,99.83158084,0.168419165
1000,99.83040749,0.169592515
1001,99.8293806,0.170619397
1002,99.82770174,0.172298256
1003,99.8228852,0.177114804
1004,99.82236792,0.177632082
1005,99.81575259,0.184247409
1006,99.80869031,0.191309687
1007,99.80148314,0.198516856
1008,99.7941919,0.205808105
1009,99.78687737,0.213122626
1010,99.77960039,0.220399611
1011,99.7668836,0.233116399
1012,99.75284463,0.24715537
1013,99.74577845,0.254221551
1014,99.73743977,0.262560233
1015,99.72402501,0.275974987
1016,99.7130686,0.286931398
1017,99.70007974,0.299920256
1018,99.68557037,0.314429632
1019,99.66841629,0.331583708
1020,99.65420993,0.345790074
1021,99.64306732,0.356932678
1022,99.62518272,0.374817283
1023,99.60822252,0.391777483
1024,99.59359818,0.406401821
1025,99.57899794,0.421002061
1026,99.56194132,0.438058683
1027,99.54420733,0.45579267
1028,99.52689044,0.473109561
1029,99.50973628,0.490263722
1030,99.49535242,0.504647582
1031,99.47944699,0.520553011
1032,99.45933643,0.540663572
1033,99.43977458,0.560225416
1034,99.424507,0.575492997
1035,99.40735137,0.592648627
1036,99.39003786,0.609962137
1037,99.37175279,0.628247207
1038,99.35107906,0.648920944
1039,99.33283122,0.667168781
1040,99.31454979,0.685450212
1041,99.29638678,0.703613216
1042,99.27566434,0.72433566
1043,99.25785214,0.742147856
1044,99.24362798,0.75637202
1045,99.22578967,0.774210329
1046,99.20765788,0.792342124
1047,99.18938462,0.810615383
1048,99.17112192,0.828878083
1049,99.1530218,0.846978205
1050,99.13816974,0.861830258
1051,99.12106238,0.878937624
1052,99.10391873,0.896081266
1053,99.08956737,0.910432635
1054,99.07501653,0.924983471
1055,99.06064363,0.939356373
1056,99.0467887,0.953211303
1057,99.02873042,0.971269582
1058,99.00907272,0.990927277
1059,98.99041954,1.009580456
1060,98.97537482,1.024625184
1061,98.96627497,1.033725035
1062,98.95250346,1.047496544
1063,98.93421782,1.065782176
1064,98.92313053,1.076869474
1065,98.91595617,1.084043829
1066,98.90271046,1.097289543
1067,98.88883132,1.11116868
1068,98.87459973,1.125400275
1069,98.86011769,1.139882312
1070,98.84862115,1.151378851
1071,98.84131212,1.158687884
1072,98.82907311,1.170926889
1073,98.81769398,1.182306022
1074,98.8104309,1.189569105
1075,98.80029168,1.199708317
1076,98.79313325,1.206866749
1077,98.78586726,1.21413274
1078,98.77855452,1.221445483
1079,98.76690423,1.233095771
1080,98.75768801,1.242311989
1081,98.75657543,1.243424573
1082,98.750019,1.249980997
1083,98.74297377,1.257026226
1084,98.73577784,1.264222162
1085,98.728492,1.271507998
1086,98.72117708,1.278822923
1087,98.71851141,1.28148859
1088,98.71851141,1.28148859
1089,98.71235385,1.287646148
1090,98.7058234,1.294176596
1091,98.7058234,1.294176596
1092,98.7058234,1.294176596
1093,98.7058234,1.294176596
1094,98.7058234,1.294176596
1095,98.7058234,1.294176596
1096,98.70013932,1.299860676
1097,98.69356607,1.306433928
1098,98.69476959,1.305230414
1099,98.6962132,1.303786797
1100,98.69781658,1.302183424
1101,98.69949935,1.300500648
1102,98.70118118,1.298818816
1103,98.70278172,1.29721828
1104,98.70422061,1.295779389
1105,98.70541751,1.294582494
1106,98.71298107,1.287018928
1107,98.71851141,1.28148859
1108,98.71851141,1.28148859
1109,98.72206528,1.27793472
1110,98.72935598,1.270644021
1111,98.73119942,1.268800584
1112,98.73423894,1.265761061
1113,98.74087196,1.259128036
1114,98.74493023,1.255069768
1115,98.75214483,1.247855171
1116,98.75943949,1.240560509
1117,98.76675341,1.233246591
1118,98.76926343,1.230736567
1119,98.77485177,1.225148227
1120,98.78810978,1.211890224
1121,98.79514638,1.204853618
1122,98.80290921,1.197090795
1123,98.8126834,1.187316596
1124,98.82156316,1.178436841
1125,98.83047004,1.169529959
1126,98.83771894,1.162281058
1127,98.84939738,1.150602616
1128,98.8654982,1.134501803
1129,98.8785441,1.121455902
1130,98.89133475,1.108665252
1131,98.89860326,1.101396745
1132,98.90934551,1.090654487
1133,98.92393988,1.07606012
1134,98.9383805,1.061619503
1135,98.94654863,1.05345137
1136,98.95370459,1.046295408
1137,98.96686724,1.033132765
1138,98.97406711,1.025932889
1139,98.98440903,1.015590969
1140,98.99409886,1.005901142
1141,99.00648692,0.993513078
1142,99.02062371,0.979376289
1143,99.03541069,0.964589311
1144,99.04974932,0.950250678
1145,99.06254108,0.937458923
1146,99.07268742,0.927312583
1147,99.08616201,0.913837988
1148,99.10078465,0.899215349
1149,99.11530451,0.884695486
1150,99.12959999,0.870400015
1151,99.14037999,0.859620015
1152,99.14766417,0.852335833
1153,99.15980425,0.840195747
1154,99.17678159,0.823218411
1155,99.18975145,0.810248552
1156,99.20283671,0.797163292
1157,99.21730393,0.782696067
1158,99.23151144,0.768488557
1159,99.24537457,0.754625435
1160,99.25942981,0.740570191
1161,99.2737981,0.726201896
1162,99.28574275,0.714257249
1163,99.29485045,0.70514955
1164,99.31031448,0.689685521
1165,99.32293101,0.677068994
1166,99.33351297,0.666487026
1167,99.3472363,0.652763697
1168,99.361395,0.638605001
1169,99.37583142,0.624168576
1170,99.39042396,0.609576038
1171,99.40505099,0.594949006
1172,99.41719511,0.58280489
1173,99.4251369,0.574863097
1174,99.43840688,0.561593117
1175,99.45203873,0.547961267
1176,99.46338362,0.536616384
1177,99.47787791,0.522122087
1178,99.49090369,0.509096309
1179,99.49979351,0.500206486
1180,99.50956125,0.490438752
1181,99.52315883,0.476841173
1182,99.53705174,0.462948263
1183,99.55105786,0.448942143
1184,99.56461046,0.43538954
1185,99.5742712,0.425728804
1186,99.58331543,0.416684575
1187,99.59646519,0.403534806
1188,99.61089866,0.389101341
1189,99.61903428,0.380965719
1190,99.62620959,0.37379041
1191,99.63984074,0.360159261
1192,99.64973352,0.350266479
1193,99.65840881,0.34159119
1194,99.67125188,0.328748123
1195,99.68113284,0.318867165
1196,99.68831526,0.311684738
1197,99.69786223,0.302137773
1198,99.70527362,0.29472638
1199,99.71426504,0.285734956
1200,99.72389948,0.276100524
1201,99.73323989,0.266760111
1202,99.74134926,0.258650742
1203,99.74931591,0.250684086
1204,99.76404813,0.235951869
1205,99.77162812,0.228371881
1206,99.77860561,0.221394391
1207,99.78575528,0.214244722
1208,99.79301632,0.206983684
1209,99.80032792,0.199672085
1210,99.80762927,0.192370734
1211,99.81485956,0.18514044
1212,99.82195799,0.17804201
1213,99.82571482,0.174285183
1214,99.83318091,0.166819093
1215,99.84310886,0.15689114
1216,99.84774393,0.15225607
1217,99.85136173,0.148638266
1218,99.85864871,0.141351286
1219,99.86043194,0.139568064
1220,99.86655171,0.133448291
1221,99.87311994,0.126880058
1222,99.87311994,0.126880058
1223,99.87509434,0.124905665
1224,99.88239215,0.117607855
1225,99.88580795,0.114192053
1226,99.88688635,0.113113652
1227,99.89477574,0.105224257
1228,99.89849595,0.101504047
1229,99.89849595,0.101504047
1230,99.90295086,0.097049136
1231,99.91063127,0.089368731
1232,99.91118396,0.088816041
1233,99.91118396,0.088816041
1234,99.91118396,0.088816041
1235,99.91118396,0.088816041
1236,99.91128444,0.088715561
1237,99.9182939,0.081706102
1238,99.92387197,0.076128035
1239,99.92387197,0.076128035
1240,99.92387197,0.076128035
1241,99.92387197,0.076128035
1242,99.92387197,0.076128035
1243,99.92387197,0.076128035
1244,99.92387197,0.076128035
1245,99.92387197,0.076128035
1246,99.92387197,0.076128035
1247,99.91789707,0.082102926
1248,99.91118396,0.088816041
1249,99.91118396,0.088816041
1250,99.91118396,0.088816041
1251,99.91118396,0.088816041
1252,99.91118396,0.088816041
1253,99.90995305,0.090046954
1254,99.90271486,0.097285137
1255,99.89849595,0.101504047
1256,99.89849595,0.101504047
1257,99.89849595,0.101504047
1258,99.8927401,0.107259905
1259,99.88580795,0.114192053
1260,99.88580795,0.114192053
1261,99.88432773,0.115672271
1262,99.87706405,0.12293595
1263,99.87311994,0.126880058
1264,99.87311994,0.126880058
1265,99.86791294,0.132087062
1266,99.8608199,0.139180099
1267,99.86043194,0.139568064
1268,99.85954153,0.14045847
1269,99.85234918,0.147650816
1270,99.84506514,0.154934862
1271,99.8377502,0.162249799
1272,99.83505592,0.164944076
1273,99.82961489,0.170385112
1274,99.82257213,0.177427873
1275,99.81564654,0.184353465
1276,99.80967991,0.190320088
1277,99.8076749,0.192325101
1278,99.80037562,0.199624385
1279,99.79654907,0.203450926
1280,99.78892712,0.211072878
1281,99.7819109,0.218089101
1282,99.77482626,0.225173741
1283,99.76805784,0.231942159
1284,99.76013275,0.239867247
1285,99.75665037,0.243349635
1286,99.74934097,0.250659027
1287,99.74203601,0.257963989
1288,99.73224649,0.26775351
1289,99.72451061,0.275489391
1290,99.72074464,0.279255357
1291,99.71372885,0.286271148
1292,99.70655273,0.293447274
1293,99.69927707,0.300722927
1294,99.6919627,0.308037299
1295,99.68467042,0.315329579
1296,99.67746104,0.322538961
1297,99.66433488,0.335665119
1298,99.65488184,0.34511816
1299,99.64845405,0.35154595
1300,99.64074583,0.359254167
1301,99.63238492,0.367615076
1302,99.62399906,0.376000943
1303,99.61621597,0.383784034
1304,99.60966338,0.390336616
1305,99.6005559,0.399444099
1306,99.59349739,0.406502614
1307,99.58575169,0.414248315
1308,99.57596772,0.424032282
1309,99.56710336,0.432896642
1310,99.55818123,0.441818771
1311,99.55342475,0.446575252
1312,99.54696839,0.453031608
1313,99.54001224,0.459987758
1314,99.53267436,0.467325638
1315,99.52118142,0.478818578
1316,99.50908035,0.490919655
1317,99.50176755,0.498232452
1318,99.49446901,0.505530986
1319,99.48724555,0.512754446
1320,99.48015798,0.519842025
1321,99.4730188,0.526981205
1322,99.45984343,0.540156571
1323,99.45264709,0.547352915
1324,99.44536105,0.554638952
1325,99.43804613,0.561953873
1326,99.43076313,0.569236868
1327,99.42357287,0.57642713
1328,99.41345636,0.586543641
1329,99.40623687,0.593763134
1330,99.39616867,0.603831335
1331,99.38894001,0.611059995
1332,99.38014311,0.619856888
1333,99.3711554,0.628844602
1334,99.36633239,0.633667611
1335,99.35991314,0.640086863
1336,99.34660911,0.653390891
1337,99.33992353,0.660076471
1338,99.3356547,0.664345303
1339,99.32724443,0.672755569
1340,99.31791663,0.682083367
1341,99.31061285,0.689387146
1342,99.30337632,0.696623678
1343,99.29626785,0.703732154
1344,99.28933346,0.710666545
1345,99.2823114,0.717688602
1346,99.27678367,0.723216333
1347,99.27102679,0.728973215
1348,99.26361359,0.736386413
1349,99.25324798,0.746752016
1350,99.24604238,0.753957622
1351,99.23898249,0.761017512
1352,99.23840439,0.761595612
1353,99.23028452,0.769715483
1354,99.21777111,0.782228894
1355,99.21334364,0.786656362
1356,99.2095064,0.790493601
1357,99.20223428,0.79776572
1358,99.20065563,0.799344368
1359,99.19440256,0.805597443
1360,99.18745833,0.812541674
1361,99.1803369,0.8196631
1362,99.17527962,0.82472038
1363,99.17212984,0.827870157
1364,99.16482183,0.835178174
1365,99.15757323,0.842426771
1366,99.15044486,0.849555138
1367,99.14983803,0.850161975
1368,99.14284076,0.857159238
1369,99.1372156,0.862784397
1370,99.1372156,0.862784397
1371,99.13061115,0.869388855
1372,99.1245276,0.875472403
1373,99.11926632,0.880733676
1374,99.11218427,0.88781573
1375,99.11183959,0.888160409
1376,99.11089719,0.889102811
1377,99.10369691,0.896303089
1378,99.09915159,0.900848415
1379,99.09915159,0.900848415
1380,99.09915159,0.900848415
1381,99.09365906,0.906340945
1382,99.08662844,0.913371556
1383,99.08646358,0.913536421
1384,99.08528509,0.914714907
1385,99.07805308,0.921946917
1386,99.07377557,0.926224427
1387,99.07377557,0.926224427
1388,99.07377557,0.926224427
1389,99.07377557,0.926224427
1390,99.0732471,0.926752903
1391,99.07186855,0.92813145
1392,99.07026874,0.929731256
1393,99.06848691,0.931513091
1394,99.06656228,0.933437719
1395,99.06453409,0.935465907
1396,99.06244158,0.937558423
1397,99.06032397,0.939676033
1398,99.0582205,0.941779503
1399,99.0561704,0.9438296
1400,99.05421291,0.94578709
1401,99.05238726,0.947612742
1402,99.05073268,0.94926732
1403,99.04928841,0.950711591
1404,99.04839956,0.951600438
1405,99.04839956,0.951600438
1406,99.04839956,0.951600438
1407,99.04839956,0.951600438
1408,99.04839956,0.951600438
1409,99.05129899,0.948701015
1410,99.05861246,0.941387544
1411,99.06108757,0.938912432
1412,99.06108757,0.938912432
1413,99.06108757,0.938912432
1414,99.06108757,0.938912432
1415,99.06108757,0.938912432
1416,99.06108757,0.938912432
1417,99.06108757,0.938912432
1418,99.06108757,0.938912432
1419,99.06108757,0.938912432
1420,99.06691347,0.933086533
1421,99.07377557,0.926224427
1422,99.07377557,0.926224427
1423,99.07377557,0.926224427
1424,99.07377557,0.926224427
1425,99.07393763,0.926062367
1426,99.08138013,0.918619875
1427,99.08646358,0.913536421
1428,99.08646358,0.913536421
1429,99.08646358,0.913536421
1430,99.08743222,0.912567776
1431,99.09463637,0.905363631
1432,99.09915159,0.900848415
1433,99.09947988,0.900520121
1434,99.10703423,0.892965767
1435,99.11183959,0.888160409
1436,99.11183959,0.888160409
1437,99.11862719,0.881372814
1438,99.1245276,0.875472403
1439,99.1245276,0.875472403
1440,99.12758425,0.872415748
1441,99.13489477,0.865105234
1442,99.1372156,0.862784397
1443,99.14295018,0.857049823
1444,99.14990361,0.850096391
1445,99.1505518,0.849448199
1446,99.15770195,0.842298049
1447,99.16259161,0.837408386
1448,99.16910297,0.830897032
1449,99.17527962,0.82472038
1450,99.18046209,0.81953791
1451,99.18755997,0.812440033
1452,99.18796763,0.812032374
1453,99.18883493,0.811165075
1454,99.19602363,0.803976374
1455,99.20330583,0.796694171
1456,99.21062073,0.789379275
1457,99.21790751,0.782092493
1458,99.22510536,0.774894636
1459,99.22603164,0.773968356
1460,99.2327336,0.767266402
1461,99.23981907,0.76018093
1462,99.24704119,0.752958807
1463,99.25433916,0.745660843
1464,99.26165215,0.738347846
1465,99.26409566,0.735904339
1466,99.26973601,0.730263992
1467,99.28301884,0.716981165
1468,99.28947167,0.710528327
1469,99.29081474,0.709185257
1470,99.29806516,0.701934842
1471,99.30537375,0.694626246
1472,99.31267972,0.687320278
1473,99.31992225,0.680077748
1474,99.32704054,0.672959463
1475,99.33409241,0.665907594
1476,99.34402012,0.655979881
1477,99.35189141,0.648108595
1478,99.35543803,0.644561966
1479,99.36275213,0.637247868
1480,99.37004594,0.629954059
1481,99.37725865,0.622741347
1482,99.38432946,0.615670542
1483,99.3912513,0.6087487
1484,99.39831477,0.601685231
1485,99.40552271,0.594477286
1486,99.41421763,0.585782374
1487,99.4233008,0.5766992
1488,99.43293211,0.567067886
1489,99.44092709,0.559072914
1490,99.44794528,0.552054718
1491,99.45488183,0.545118172
1492,99.46199352,0.538006477
1493,99.46923203,0.530767966
1494,99.47653655,0.523463449
1495,99.48384627,0.516153733
1496,99.49353112,0.506468878
1497,99.49948585,0.500514147
1498,99.5068975,0.493102497
1499,99.51513834,0.484861662
1500,99.52358062,0.476419377
1501,99.53159662,0.468403376
1502,99.53855861,0.461441391
1503,99.54502781,0.454972189
1504,99.5547856,0.445214397
1505,99.56187808,0.438121919
1506,99.56880441,0.431195588
1507,99.57584487,0.42415513
1508,99.58303763,0.41696237
1509,99.59032188,0.409678116
1510,99.59763682,0.402363177
1511,99.60492164,0.395078362
1512,99.61211552,0.387884479
1513,99.61915766,0.380842337
1514,99.62608345,0.373916552
1515,99.6331744,0.366825596
1516,99.64240817,0.357591828
1517,99.65404344,0.345956563
1518,99.66135589,0.338644107
1519,99.66862057,0.331379435
1520,99.67577664,0.324223357
1521,99.68276332,0.31723668
1522,99.68655097,0.313449029
1523,99.69300158,0.306998422
1524,99.6977686,0.302231396
1525,99.70507808,0.294921916
1526,99.71238293,0.287617073
1527,99.72472478,0.275275217
1528,99.73307947,0.266920527
1529,99.73367305,0.266326951
1530,99.74068949,0.259310513
1531,99.74786606,0.252133945
1532,99.75514194,0.244858057
1533,99.76245634,0.237543658
1534,99.76974844,0.230251556
1535,99.77695744,0.22304256
1536,99.78402252,0.215977479
1537,99.7846003,0.215399701
1538,99.79166951,0.20833049
1539,99.79888119,0.201118811
1540,99.80617453,0.193825472
1541,99.81348872,0.186511283
1542,99.82076295,0.179237052
1543,99.82236792,0.177632082
1544,99.8286043,0.171395702
1545,99.83505592,0.164944076
1546,99.83631755,0.163682453
1547,99.84355921,0.156440792
1548,99.85086487,0.149135132
1549,99.85817372,0.141826282
1550,99.86043194,0.139568064
1551,99.86621375,0.133786251
1552,99.87311994,0.126880058
1553,99.87311994,0.126880058
1554,99.87463211,0.125367892
1555,99.88189862,0.118101378
1556,99.88580795,0.114192053
1557,99.8879869,0.1120131
1558,99.89421695,0.105783047
1559,99.89831396,0.101686041
1560,99.89860423,0.101395775
1561,99.90258695,0.097413047
1562,99.90889783,0.091102168
1563,99.91118396,0.088816041
1564,99.91302641,0.086973593
1565,99.91897964,0.081020363
1566,99.92343472,0.076565279
1567,99.92387197,0.076128035
1568,99.92427347,0.075726533
1569,99.93136984,0.068630159
1570,99.93655997,0.063440029
1571,99.93655997,0.063440029
1572,99.93655997,0.063440029
1573,99.93655997,0.063440029
1574,99.93655997,0.063440029
1575,99.93655997,0.063440029
1576,99.94350675,0.056493249
1577,99.94924798,0.050752023
1578,99.94924798,0.050752023
1579,99.94924798,0.050752023
1580,99.94924798,0.050752023
1581,99.94924798,0.050752023
1582,99.94924798,0.050752023
1583,99.94924798,0.050752023
1584,99.94924798,0.050752023
1585,99.94924798,0.050752023
1586,99.94924798,0.050752023
1587,99.94924798,0.050752023
1588,99.94924798,0.050752023
1589,99.94924798,0.050752023
1590,99.94924798,0.050752023
1591,99.94924798,0.050752023
1592,99.94821777,0.051782228
1593,99.94621226,0.053787744
1594,99.94386347,0.056136527
1595,99.94126442,0.058735578
1596,99.9385081,0.0614919
1597,99.93568751,0.064312495
1598,99.93289563,0.067104366
1599,99.93022549,0.069774515
1600,99.92777006,0.072229945
1601,99.92562234,0.074377657
1602,99.92387535,0.076124655
1603,99.92387197,0.076128035
1604,99.92262855,0.077371448
1605,99.91469356,0.085306445
1606,99.91118396,0.088816041
1607,99.91046258,0.089537423
1608,99.9032987,0.0967013
1609,99.89849595,0.101504047
1610,99.89506034,0.104939658
1611,99.88776348,0.112236524
1612,99.88580795,0.114192053
1613,99.87980642,0.120193581
1614,99.87311994,0.126880058
1615,99.87217485,0.127825154
1616,99.86497417,0.135025833
1617,99.85768601,0.142313989
1618,99.85037119,0.149628814
1619,99.8430905,0.156909499
1620,99.83590477,0.164095235
1621,99.83505592,0.164944076
1622,99.82786473,0.172135269
1623,99.8148426,0.185157402
1624,99.80761025,0.192389753
1625,99.80030808,0.199691921
1626,99.7929969,0.207003096
1627,99.78573753,0.21426247
1628,99.77859077,0.221409235
1629,99.76527494,0.234725061
1630,99.75830126,0.241698743
1631,99.75044105,0.249558951
1632,99.74072443,0.259275567
1633,99.73175814,0.268241864
1634,99.7186701,0.281329903
1635,99.70936205,0.290637952
1636,99.70225938,0.297740616
1637,99.68898442,0.311015581
1638,99.68195553,0.318044472
1639,99.6730852,0.326914803
1640,99.65852458,0.341475417
1641,99.64748741,0.352512591
1642,99.64019892,0.359801079
1643,99.62760328,0.372396723
1644,99.61654826,0.383451738
1645,99.60582508,0.394174919
1646,99.58866143,0.411338567
1647,99.57617367,0.423826329
1648,99.56742572,0.432574282
1649,99.55451951,0.445480493
1650,99.53998061,0.460019395
1651,99.52565127,0.47434873
1652,99.51165312,0.488346881
1653,99.49775425,0.502245751
1654,99.4835003,0.516499698
1655,99.46900477,0.530995226
1656,99.45438928,0.545610719
1657,99.43977544,0.560224558
1658,99.42528487,0.574715127
1659,99.41103919,0.588960807
1660,99.3971482,0.602851805
1661,99.38313943,0.61686057
1662,99.36801756,0.631982442
1663,99.34983893,0.650161068
1664,99.33328834,0.666711659
1665,99.31648829,0.683511708
1666,99.29844832,0.701551678
1667,99.28075861,0.719241387
1668,99.26345292,0.73654708
1669,99.24580727,0.754192732
1670,99.22779592,0.772204079
1671,99.2095709,0.790429099
1672,99.19128423,0.80871577
1673,99.17308793,0.82691207
1674,99.15513402,0.844865978
1675,99.13757453,0.862425471
1676,99.12001791,0.879982095
1677,99.09869687,0.901303126
1678,99.07622656,0.923773445
1679,99.05939403,0.940605968
1680,99.03743291,0.962567094
1681,99.01393745,0.986062546
1682,98.99340727,1.006592727
1683,98.978576,1.021424001
1684,98.96112883,1.038871166
1685,98.94252361,1.057476395
1686,98.9195514,1.080448599
1687,98.89563164,1.104368361
1688,98.87587826,1.124121736
1689,98.85521161,1.14478839
1690,98.8334059,1.166594101
1691,98.81588233,1.184117668
1692,98.79567546,1.204324543
1693,98.77319171,1.226808292
1694,98.74883752,1.251162481
1695,98.72301933,1.276980675
1696,98.69614356,1.303856442
1697,98.66861665,1.331383346
1698,98.64084505,1.359154954
1699,98.61323517,1.386764831
1700,98.58619346,1.413806545
1701,98.56012634,1.439873659
1702,98.53544026,1.464559742
1703,98.51254164,1.487458358
1704,98.49183693,1.508163074
1705,98.47373255,1.526267455
1706,98.45281704,1.547182964
1707,98.41659496,1.58340504
1708,98.39410131,1.605898688
1709,98.37122282,1.628777185
1710,98.34403371,1.655966291
1711,98.31481029,1.685189711
1712,98.28584144,1.714158557
1713,98.26029601,1.739703993
1714,98.23594991,1.764050088
1715,98.20790684,1.792093157
1716,98.18001594,1.819984058
1717,98.15455757,1.845442426
1718,98.12720825,1.872791751
1719,98.0980337,1.901966298
1720,98.06918437,1.930815626
1721,98.04392545,1.956074551
1722,98.01979986,1.980200144
1723,97.98223445,2.017765552
1724,97.94821432,2.051785684
1725,97.92519243,2.074807575
1726,97.89581153,2.104188469
1727,97.86071192,2.13928808
1728,97.82759827,2.172401728
1729,97.80223879,2.197761213
1730,97.77431915,2.225680847
1731,97.74231412,2.257685878
1732,97.71080508,2.289194916
1733,97.68158653,2.318413468
1734,97.64829029,2.351709713
1735,97.61698876,2.383011236
1736,97.58844002,2.41155998
1737,97.55421988,2.445780125
1738,97.52030469,2.479695313
1739,97.49451817,2.505481829
1740,97.46305493,2.536945067
1741,97.42818053,2.571819468
1742,97.39316675,2.606833252
1743,97.35964203,2.640357974
1744,97.33070866,2.669291344
1745,97.30290483,2.697095173
1746,97.27077211,2.729227888
1747,97.23393379,2.766066207
1748,97.19521194,2.804788065
1749,97.16229353,2.83770647
1750,97.13315509,2.866844907
1751,97.10480906,2.895190938
1752,97.06151819,2.938481812
1753,97.01719337,2.982806632
1754,96.99103242,3.008967577
1755,96.95750997,3.042490026
1756,96.92249553,3.077504469
1757,96.8876221,3.112377901
1758,96.85130007,3.148699928
1759,96.81552204,3.184477957
1760,96.78374671,3.216253295
1761,96.75184403,3.248155972
1762,96.71259148,3.287408523
1763,96.67498063,3.325019367
1764,96.64046282,3.359537184
1765,96.6039392,3.396060805
1766,96.57029649,3.429703506
1767,96.52947885,3.470521151
1768,96.49127392,3.508726083
1769,96.46240937,3.537590627
1770,96.42570973,3.574290271
1771,96.38569106,3.61430894
1772,96.34546172,3.654538285
1773,96.30983581,3.690164192
1774,96.27472493,3.725275073
1775,96.23333773,3.766662275
1776,96.19527748,3.804722516
1777,96.15941632,3.840583682
1778,96.11974999,3.88025001
1779,96.08041887,3.919581129
1780,96.04719032,3.952809681
1781,96.0059259,3.994074104
1782,95.96826028,4.031739722
1783,95.92773147,4.072268535
1784,95.89590096,4.104099038
1785,95.85675537,4.143244635
1786,95.81692446,4.183075536
1787,95.77518059,4.224819415
1788,95.73337254,4.266627456
1789,95.69349242,4.306507579
1790,95.6571569,4.342843101
1791,95.6279693,4.372030697
1792,95.58821055,4.411789452
1793,95.5406275,4.459372499
1794,95.49173,4.508270003
1795,95.44802787,4.551972131
1796,95.41683608,4.583163923
1797,95.38653481,4.613465187
1798,95.34866356,4.651336436
