lambda_nm,T_pct,ppln_ar_rpct
600,43.77772887,56.22227113
601,44.85972943,55.14027057
602,45.77363743,54.22636257
603,46.35136032,53.64863968
604,46.51746037,53.48253963
605,46.72131465,53.27868535
606,47.59686835,52.40313165
607,49.66118817,50.33881183
608,52.47704994,47.52295006
609,55.1420317,44.8579683
610,56.81263089,43.18736911
611,57.3987233,42.6012767
612,57.31190987,42.68809013
613,56.96009238,43.03990762
614,56.50525454,43.49474546
615,55.8876582,44.1123418
616,55.03874376,44.96125624
617,53.86015196,46.13984804
618,52.21723516,47.78276484
619,49.97367508,50.02632492
620,47.03083934,52.96916066
621,43.35235683,56.64764317
622,38.90876882,61.09123118
623,33.91663678,66.08336322
624,29.15004287,70.84995713
625,25.45969644,74.54030356
626,23.28747609,76.71252391
627,21.78456694,78.21543306
628,19.8480711,80.1519289
629,16.71048294,83.28951706
630,13.09767472,86.90232528
631,10.15101396,89.84898604
632,8.79549049,91.20450951
633,8.58729562,91.41270438
634,8.54897526,91.45102474
635,7.80574497,92.19425503
636,6.43646315,93.56353685
637,5.03281292,94.96718708
638,4.15450568,95.84549432
639,3.84865852,96.15134148
640,3.7871236,96.2128764
641,3.64307867,96.35692133
642,3.31377313,96.68622687
643,2.91821443,97.08178557
644,2.58323151,97.41676849
645,2.36746571,97.63253429
646,2.23835239,97.76164761
647,2.15706804,97.84293196
648,2.09525527,97.90474473
649,2.0436018,97.9563982
650,1.99481884,98.00518116
651,1.94323348,98.05676652
652,1.88722438,98.11277562
653,1.82579515,98.17420485
654,1.76027454,98.23972546
655,1.70015234,98.29984766
656,1.6567078,98.3432922
657,1.63843782,98.36156218
658,1.64004214,98.35995786
659,1.65195173,98.34804827
660,1.66477772,98.33522228
661,1.67041554,98.32958446
662,1.66131482,98.33868518
663,1.63065195,98.36934805
664,1.57912522,98.42087478
665,1.51188922,98.48811078
666,1.43468737,98.56531263
667,1.36174866,98.63825134
668,1.3141264,98.6858736
669,1.3123425,98.6876575
670,1.35747799,98.64252201
671,1.42949487,98.57050513
672,1.50740537,98.49259463
673,1.57603262,98.42396738
674,1.6287426,98.3712574
675,1.65962116,98.34037884
676,1.66776444,98.33223556
677,1.66232299,98.33767701
678,1.65364555,98.34635445
679,1.64943672,98.35056328
680,1.6500543,98.3499457
681,1.6545904,98.3454096
682,1.661145,98.338855
683,1.66394336,98.33605664
684,1.65626491,98.34373509
685,1.63548338,98.36451662
686,1.62160491,98.37839509
687,1.64241263,98.35758737
688,1.72074582,98.27925418
689,1.84012756,98.15987244
690,1.9653333,98.0346667
691,2.06321861,97.93678139
692,2.12653162,97.87346838
693,2.16490214,97.83509786
694,2.18880495,97.81119505
695,2.21903067,97.78096933
696,2.28547938,97.71452062
697,2.41712476,97.58287524
698,2.60287545,97.39712455
699,2.78385784,97.21614216
700,2.89914676,97.10085324
701,2.9381699,97.0618301
702,2.97178431,97.02821569
703,3.0780456,96.9219544
704,3.2904057,96.7095943
705,3.54346866,96.45653134
706,3.75858645,96.24141355
707,3.89492674,96.10507326
708,4.02827739,95.97172261
709,4.25683587,95.74316413
710,4.64739632,95.35260368
711,5.1302294,94.8697706
712,5.59851455,94.40148545
713,5.96418827,94.03581173
714,6.25493662,93.74506338
715,6.54255368,93.45744632
716,6.89426723,93.10573277
717,7.33571945,92.66428055
718,7.87067103,92.12932897
719,8.49994801,91.50005199
720,9.1874728,90.8125272
721,9.87071318,90.12928682
722,10.49301079,89.50698921
723,11.13807155,88.86192845
724,12.02566255,87.97433745
725,13.373794,86.626206
726,15.10951012,84.89048988
727,16.77874014,83.22125986
728,17.90622112,82.09377888
729,18.43097476,81.56902524
730,19.02975959,80.97024041
731,20.45424854,79.54575146
732,23.04786358,76.95213642
733,26.15336378,73.84663622
734,28.96304103,71.03695897
735,30.99043251,69.00956749
736,32.85018357,67.14981643
737,35.39266696,64.60733304
738,39.20664729,60.79335271
739,43.61445919,56.38554081
740,47.55573613,52.44426387
741,50.15801432,49.84198568
742,51.84624929,48.15375071
743,53.59279364,46.40720636
744,56.27869939,43.72130061
745,59.84373293,40.15626707
746,63.68184695,36.31815305
747,67.21018917,32.78981083
748,70.30892247,29.69107753
749,73.22288062,26.77711938
750,76.20033858,23.79966142
751,79.32381698,20.67618302
752,82.49947597,17.50052403
753,85.62341733,14.37658267
754,88.51711349,11.48288651
755,90.89461506,9.105384941
756,92.46360979,7.536390214
757,93.18048374,6.819516257
758,93.48987638,6.510123616
759,93.89297643,6.107023574
760,94.70750433,5.292495668
761,95.75301293,4.246987069
762,96.76531012,3.234689877
763,97.54153798,2.458462021
764,99.1065315,0.893468503
765,99.42158622,0.578413784
766,99.61059918,0.38940082
767,99.74146265,0.258537348
768,99.83105678,0.168943222
769,99.89724489,0.102755114
770,99.93907635,0.060923653
771,99.95297731,0.047022687
772,99.9529747,0.047025298
773,99.94750079,0.052499213
774,99.93585545,0.064144553
775,99.92147875,0.078521254
776,99.90814182,0.091858179
777,99.89628829,0.103711706
778,99.88175642,0.11824358
779,99.87635573,0.123644267
780,99.86917509,0.130824907
781,99.86559876,0.134401245
782,99.86575482,0.134245179
783,99.86913133,0.130868671
784,99.87619196,0.123808043
785,99.88163049,0.11836951
786,99.88964851,0.110351488
787,99.89976304,0.10023696
788,99.90934238,0.090657617
789,99.9158519,0.084148098
790,99.92346207,0.076537934
791,99.93494544,0.065054562
792,99.94412673,0.055873271
793,99.94956608,0.050433916
794,99.9565245,0.043475501
795,99.95988333,0.040116669
796,99.96335119,0.036648807
797,99.96685679,0.033143211
798,99.97035137,0.029648634
799,99.97035713,0.029642869
800,99.9703573,0.029642703
801,99.9692205,0.030779501
802,99.96684511,0.033154889
803,99.96337315,0.036626847
804,99.95988711,0.040112894
805,99.95808286,0.041917142
806,99.95641871,0.043581294
807,99.95292248,0.047077516
808,99.95117495,0.048825055
809,99.9492498,0.050750204
810,99.94767918,0.05232082
811,99.94421999,0.055780008
812,99.94420133,0.055798673
813,99.94429133,0.055708671
814,99.94071263,0.059287374
815,99.94071429,0.059285715
816,99.94071429,0.059285714
817,99.94071429,0.059285714
818,99.94071428,0.059285716
819,99.94068758,0.059312423
820,99.9442218,0.055778205
821,99.94420167,0.055798335
822,99.94420168,0.055798319
823,99.94420168,0.055798319
824,99.94420168,0.055798319
825,99.94420168,0.055798319
826,99.94420126,0.055798743
827,99.94287833,0.057121672
828,99.94071429,0.059285713
829,99.9404898,0.059510204
830,99.93904451,0.060955495
831,99.93560863,0.064391368
832,99.92849849,0.071501514
833,99.91976543,0.080234573
834,99.91162059,0.088379413
835,99.90370442,0.096295584
836,99.89197127,0.10802873
837,99.87542607,0.124573933
838,99.85691242,0.143087576
839,99.83572936,0.164270638
840,99.81582666,0.184173339
841,99.78480184,0.215198165
842,99.74925023,0.250749771
843,99.70858759,0.291412411
844,99.66550465,0.334495348
845,99.60974928,0.390250716
846,99.54327494,0.456725059
847,99.47258724,0.527412758
848,99.38356101,0.616438986
849,99.2796833,0.720316705
850,99.18950452,0.810495478
851,99.11358278,0.88641722
852,99.02822945,0.971770547
853,97.97599886,2.024001143
854,97.815421,2.184578997
855,97.5587596,2.441240402
856,97.10498332,2.895016679
857,96.47876241,3.521237589
858,95.81124288,4.188757123
859,95.23364566,4.766354343
860,94.77953725,5.220462752
861,94.37077,5.629230005
862,93.92349927,6.076500726
863,93.37906691,6.620933093
864,92.71784681,7.282153195
865,91.92367714,8.076322862
866,90.99864074,9.00135926
867,89.98349658,10.01650342
868,88.92393758,11.07606242
869,87.86764952,12.13235048
870,86.86818384,13.13181616
871,85.98016577,14.01983423
872,85.21324601,14.78675399
873,84.39067383,15.60932617
874,83.28741396,16.71258604
875,81.74429213,18.25570787
876,79.98901658,20.01098342
877,78.39010889,21.60989111
878,77.26802166,22.73197834
879,76.53410537,23.46589463
880,75.8936549,24.1063451
881,75.06754041,24.93245959
882,73.99415585,26.00584415
883,72.76138966,27.23861034
884,71.46043274,28.53956726
885,70.18987088,29.81012912
886,69.05516646,30.94483354
887,68.15750559,31.84249441
888,67.43429064,32.56570936
889,66.61718642,33.38281358
890,65.42764819,34.57235181
891,63.81226883,36.18773117
892,62.10164944,37.89835056
893,60.66315727,39.33684273
894,59.66825884,40.33174116
895,58.82942575,41.17057425
896,57.79351783,42.20648217
897,56.35728688,43.64271312
898,54.80754731,45.19245269
899,53.53110653,46.46889347
900,52.78864931,47.21135069
901,52.25892127,47.74107873
902,51.45293775,48.54706225
903,49.9823671,50.0176329
904,48.11967291,51.88032709
905,46.40379916,53.59620084
906,45.31770523,54.68229477
907,44.8022404,55.1977596
908,44.49717915,55.50282085
909,44.05424322,55.94575678
910,43.34578693,56.65421307
911,42.41080953,57.58919047
912,41.29538468,58.70461532
913,40.1164471,59.8835529
914,39.0632602,60.9367398
915,38.32420368,61.67579632
916,37.90230331,62.09769669
917,37.54479207,62.45520793
918,36.98162958,63.01837042
919,36.09579757,63.90420243
920,35.05786786,64.94213214
921,34.07001172,65.92998828
922,33.26782302,66.73217698
923,32.61421517,67.38578483
924,32.0444709,67.9555291
925,31.5092634,68.4907366
926,31.01522773,68.98477227
927,30.58171458,69.41828542
928,30.21986561,69.78013439
929,29.89862823,70.10137177
930,29.57343103,70.42656897
931,29.20556037,70.79443963
932,28.79940923,71.20059077
933,28.37860075,71.62139925
934,27.96596229,72.03403771
935,27.57474714,72.42525286
936,27.21235282,72.78764718
937,26.88565057,73.11434943
938,26.59408723,73.40591277
939,26.33095052,73.66904948
940,26.08934669,73.91065331
941,25.86252077,74.13747923
942,25.6438733,74.3561267
943,25.42684823,74.57315177
944,25.20688253,74.79311747
945,24.98243696,75.01756304
946,24.75225004,75.24774996
947,24.51896258,75.48103742
948,24.29330685,75.70669315
949,24.08701539,75.91298461
950,23.90661591,76.09338409
951,23.74366835,76.25633165
952,23.5870585,76.4129415
953,23.42720142,76.57279858
954,23.26070074,76.73929926
955,23.08572538,76.91427462
956,22.90275462,77.09724538
957,22.72551111,77.27448889
958,22.57242775,77.42757225
959,22.46035065,77.53964935
960,22.39297992,77.60702008
961,22.36753805,77.63246195
962,22.37941556,77.62058444
963,22.40199781,77.59800219
964,22.39386338,77.60613662
965,22.31607523,77.68392477
966,22.18365471,77.81634529
967,22.06076793,77.93923207
968,22.01194389,77.98805611
969,22.05230457,77.94769543
970,22.13619168,77.86380832
971,22.21457803,77.78542197
972,22.2656633,77.7343367
973,22.31310124,77.68689876
974,22.38479764,77.61520236
975,22.49319194,77.50680806
976,22.61528993,77.38471007
977,22.72315912,77.27684088
978,22.79768871,77.20231129
979,22.84793894,77.15206106
980,22.88858136,77.11141864
981,22.9326823,77.0673177
982,22.98607677,77.01392323
983,23.05256443,76.94743557
984,23.13603351,76.86396649
985,23.24094008,76.75905992
986,23.37196407,76.62803593
987,23.53202044,76.46797956
988,23.70760183,76.29239817
989,23.87627578,76.12372422
990,24.018368,75.981632
991,24.15434645,75.84565355
992,24.33436934,75.66563066
993,24.60662137,75.39337863
994,24.95789631,75.04210369
995,25.31361281,74.68638719
996,25.59774075,74.40225925
997,25.78609432,74.21390568
998,25.92454654,74.07545346
999,26.06380859,73.93619141
1000,26.24187519,73.75812481
1001,26.47335526,73.52664474
1002,26.7703191,73.2296809
1003,27.13410329,72.86589671
1004,27.53883184,72.46116816
1005,27.95438145,72.04561855
1006,28.35716089,71.64283911
1007,28.74677241,71.25322759
1008,29.1279637,70.8720363
1009,29.50177079,70.49822921
1010,29.8506067,70.1493933
1011,30.15105619,69.84894381
1012,30.3896385,69.6103615
1013,30.62408149,69.37591851
1014,30.94317737,69.05682263
1015,31.42417923,68.57582077
1016,32.02155622,67.97844378
1017,32.6162693,67.3837307
1018,33.09654284,66.90345716
1019,33.48476521,66.51523479
1020,33.91232729,66.08767271
1021,34.50883391,65.49116609
1022,35.2687122,64.7312878
1023,36.03804811,63.96195189
1024,36.65739182,63.34260818
1025,37.07700597,62.92299403
1026,37.41011685,62.58988315
1027,37.78282971,62.21717029
1028,38.27254699,61.72745301
1029,38.85788426,61.14211574
1030,39.5054999,60.4945001
1031,40.18338184,59.81661816
1032,40.86325392,59.13674608
1033,41.51749136,58.48250864
1034,42.14103922,57.85896078
1035,42.81802443,57.18197557
1036,43.65459827,56.34540173
1037,44.71578816,55.28421184
1038,45.83658211,54.16341789
1039,46.77202198,53.22797802
1040,47.32175566,52.67824434
1041,47.64481471,52.35518529
1042,48.07345513,51.92654487
1043,48.91027434,51.08972566
1044,50.08978688,49.91021312
1045,51.30402455,48.69597545
1046,52.25669936,47.74330064
1047,52.95275929,47.04724071
1048,53.66587116,46.33412884
1049,54.67123793,45.32876207
1050,55.98367405,44.01632595
1051,57.30427811,42.69572189
1052,58.31853854,41.68146146
1053,58.92445917,41.07554083
1054,59.36731623,40.63268377
1055,59.92392017,40.07607983
1056,60.7565892,39.2434108
1057,61.77113736,38.22886264
1058,62.83852312,37.16147688
1059,63.86369441,36.13630559
1060,64.85762314,35.14237686
1061,65.85189618,34.14810382
1062,66.87372991,33.12627009
1063,67.93111762,32.06888238
1064,69.02676898,30.97323102
1065,70.15156476,29.84843524
1066,71.22250744,28.77749256
1067,72.12813176,27.87186824
1068,72.78220538,27.21779462
1069,73.32751463,26.67248537
1070,74.028637,25.971363
1071,75.12815525,24.87184475
1072,76.55248844,23.44751156
1073,77.99907536,22.00092464
1074,79.1714213,20.8285787
1075,80.02073349,19.97926651
1076,80.74076973,19.25923027
1077,81.53188245,18.46811755
1078,82.45025398,17.54974602
1079,83.3612896,16.6387104
1080,84.11842642,15.88157358
1081,84.68134565,15.31865435
1082,85.20092672,14.79907328
1083,85.84778239,14.15221761
1084,86.69939547,13.30060453
1085,87.60244344,12.39755656
1086,88.36847035,11.63152965
1087,88.87948962,11.12051038
1088,89.26186343,10.73813657
1089,89.69487962,10.30512038
1090,90.31475994,9.685240058
1091,91.04678702,8.953212985
1092,91.75176287,8.248237131
1093,92.30979368,7.690206319
1094,92.73598018,7.26401982
1095,93.10300703,6.896992971
1096,93.47837868,6.521621318
1097,93.87439123,6.125608769
1098,94.27099035,5.729009649
1099,94.64838764,5.351612361
1100,94.99742494,5.002575058
1101,95.31740225,4.682597748
1102,95.60825399,4.391746015
1103,95.88043853,4.119561475
1104,96.15572558,3.844274423
1105,96.45586057,3.544139429
1106,96.77298787,3.227012128
1107,97.05620312,2.943796883
1108,97.25155572,2.748444284
1109,97.35019742,2.64980258
1110,97.43277715,2.567222846
1111,97.59043042,2.40956958
1112,97.86816306,2.131836944
1113,98.18431308,1.815686923
1114,98.43566838,1.564331617
1115,98.55063244,1.449367562
1116,98.57958741,1.420412594
1117,99.08450208,0.91549792
1118,99.08256198,0.917438018
1119,99.15883626,0.841163741
1120,99.25815303,0.741846972
1121,99.34218031,0.657819686
1122,99.4183471,0.581652896
1123,99.47851745,0.521482555
1124,99.53371812,0.466281884
1125,99.59184388,0.408156117
1126,99.66097736,0.339022643
1127,99.71732963,0.282670372
1128,99.7482968,0.2517032
1129,99.78146411,0.218535886
1130,99.81201035,0.18798965
1131,99.84211101,0.157888995
1132,99.86791577,0.132084235
1133,99.88834513,0.111654872
1134,99.90448002,0.095519976
1135,99.91497711,0.085022895
1136,99.92785508,0.072144925
1137,99.93365869,0.066341309
1138,99.9366212,0.063378804
1139,99.94052495,0.059475055
1140,99.94131364,0.058686365
1141,99.93833213,0.06166787
1142,99.93302952,0.066970479
1143,99.9292877,0.070712304
1144,99.92449527,0.075504727
1145,99.91504105,0.084958947
1146,99.91015212,0.089847885
1147,99.90155062,0.098449377
1148,99.8926148,0.1073852
1149,99.88726329,0.112736712
1150,99.88372933,0.116270675
1151,99.88014589,0.119854111
1152,99.87479269,0.12520731
1153,99.86950602,0.130493983
1154,99.86415626,0.135843742
1155,99.85657445,0.143425546
1156,99.84624691,0.153753088
1157,99.83895199,0.161048009
1158,99.82836448,0.171635517
1159,99.82215446,0.177845543
1160,99.81603089,0.183969108
1161,99.80782439,0.192175612
1162,99.80526923,0.194730769
1163,99.80351776,0.196482237
1164,99.80170473,0.198295269
1165,99.80009871,0.199901289
1166,99.79761054,0.202389465
1167,99.7946432,0.205356803
1168,99.79234147,0.207658533
1169,99.78921505,0.210784951
1170,99.78785594,0.212144061
1171,99.79057931,0.209420691
1172,99.79471496,0.205285045
1173,99.79657323,0.203426772
1174,99.80161718,0.198382816
1175,99.80529287,0.194707131
1176,99.80625694,0.193743056
1177,99.81045106,0.189548937
1178,99.81413724,0.185862762
1179,99.81444937,0.185550627
1180,99.81437891,0.185621088
1181,99.81447611,0.185523889
1182,99.81415821,0.185841791
1183,99.81646259,0.18353741
1184,99.82159127,0.178408734
1185,99.8267004,0.173299596
1186,99.83363916,0.166360837
1187,99.83903347,0.160966532
1188,99.84729216,0.152707836
1189,99.85478593,0.145214066
1190,99.86293995,0.137060049
1191,99.87516503,0.124834967
1192,99.8846431,0.115356901
1193,99.89160409,0.108395915
1194,99.90055714,0.099442858
1195,99.90444327,0.095556731
1196,99.90787724,0.092122764
1197,99.91313473,0.086865268
1198,99.91846593,0.081534072
1199,99.92206109,0.077938911
1200,99.93084899,0.069151015
1201,99.93434201,0.065657991
1202,99.94166333,0.058336667
1203,99.94839838,0.05160162
1204,99.95196805,0.048031953
1205,99.95721983,0.042780173
1206,99.96075202,0.039247981
1207,99.96362123,0.036378773
1208,99.96133729,0.038662714
1209,99.96000864,0.039991356
1210,99.96013433,0.039865675
1211,99.96009443,0.039905574
1212,99.9601248,0.039875197
1213,99.96003887,0.039961134
1214,99.9604301,0.039569902
1215,99.96290407,0.037095929
1216,99.96667262,0.033327385
1217,99.96971361,0.030286388
1218,99.97055544,0.029444557
1219,99.97087885,0.029121151
1220,99.97397343,0.026026572
1221,99.97592427,0.024075729
1222,99.97603034,0.023969659
1223,99.97377777,0.026222226
1224,99.97292672,0.027073282
1225,99.97356968,0.026430321
1226,99.97026719,0.02973281
1227,99.96688333,0.033116675
1228,99.96225606,0.037743938
1229,99.95683727,0.043162728
1230,99.95142733,0.048572669
1231,99.94661818,0.053381818
1232,99.9382968,0.061703202
1233,99.93234833,0.067651668
1234,99.92394102,0.076058976
1235,99.91961203,0.08038797
1236,99.91155114,0.088448858
1237,99.908125,0.091875005
1238,99.90674352,0.093256481
1239,99.90485101,0.095148994
1240,99.90321282,0.096787181
1241,99.89991432,0.100085683
1242,99.89616149,0.103838514
1243,99.89449637,0.105503626
1244,99.88924348,0.110756516
1245,99.88738289,0.112617114
1246,99.88219581,0.117804194
1247,99.87858842,0.121411581
1248,99.87856239,0.121437612
1249,99.87496987,0.125030133
1250,99.87147677,0.128523229
1251,99.86781766,0.132182342
1252,99.86253645,0.137463553
1253,99.85918575,0.140814247
1254,99.85527306,0.144726942
1255,99.84788601,0.152113991
1256,99.84122197,0.158778031
1257,99.83556798,0.164432021
1258,99.82704979,0.172950212
1259,99.8198585,0.180141497
1260,99.81525546,0.184744536
1261,99.81124448,0.188755517
1262,99.80649913,0.193500874
1263,99.80579838,0.194201618
1264,99.80520788,0.194792116
1265,99.80378779,0.196212214
1266,99.80413346,0.195866541
1267,99.80354981,0.19645019
1268,99.80092019,0.199079806
1269,99.79718872,0.202811276
1270,99.79388598,0.206114017
1271,99.78937187,0.210628132
1272,99.78462557,0.215374433
1273,99.78181909,0.218180906
1274,99.77570426,0.224295737
1275,99.77154201,0.228457992
1276,99.76910387,0.230896131
1277,99.76633013,0.233669874
1278,99.76486695,0.235133054
1279,99.762718,0.237282003
1280,99.76318853,0.236811475
1281,99.76644603,0.233553973
1282,99.77004387,0.22995613
1283,99.7735571,0.226442904
1284,99.77714667,0.222853329
1285,99.78051852,0.219481476
1286,99.78550649,0.214493508
1287,99.79084979,0.209150207
1288,99.7962866,0.2037134
1289,99.80003463,0.199965366
1290,99.80360714,0.196392865
1291,99.80565169,0.194348309
1292,99.80575817,0.194241833
1293,99.80570818,0.194291818
1294,99.8072938,0.192706199
1295,99.81093259,0.189067411
1296,99.80749521,0.19250479
1297,99.80572957,0.194270429
1298,99.80573313,0.194266872
1299,99.80575826,0.194241744
1300,99.80775065,0.192249349
1301,99.81323847,0.186761529
1302,99.81827592,0.181724082
1303,99.82211853,0.177881466
1304,99.82925679,0.170743211
1305,99.83435589,0.165644115
1306,99.83973318,0.160266821
1307,99.84499522,0.155004781
1308,99.85043436,0.14956564
1309,99.8552035,0.144796502
1310,99.85928237,0.140717632
1311,99.86732734,0.132672664
1312,99.87576527,0.124234728
1313,99.88258187,0.117418127
1314,99.88995298,0.11004702
1315,99.89589686,0.104103138
1316,99.89861589,0.10138411
1317,99.90426797,0.095732029
1318,99.90887067,0.091129332
1319,99.91280285,0.087197148
1320,99.91828182,0.081718185
1321,99.91846595,0.081534047
1322,99.91848026,0.081519737
1323,99.91847882,0.081521176
1324,99.91847051,0.081529486
1325,99.91850541,0.081494591
1326,99.91837345,0.081626546
1327,99.9192898,0.080710196
1328,99.92242291,0.077577093
1329,99.9258238,0.074176205
1330,99.93076496,0.069235036
1331,99.9349128,0.065087203
1332,99.93832251,0.061677487
1333,99.94186349,0.058136513
1334,99.94551439,0.054485608
1335,99.94778196,0.052218041
1336,99.94799919,0.052000811
1337,99.94797388,0.052026121
1338,99.9479019,0.052098097
1339,99.94932039,0.050679614
1340,99.95284783,0.047152167
1341,99.95475372,0.045246276
1342,99.95657271,0.04342729
1343,99.95662574,0.043374265
1344,99.95827909,0.041720912
1345,99.96181959,0.038180407
1346,99.96360797,0.036392032
1347,99.96710816,0.032891836
1348,99.96700446,0.032995543
1349,99.96712647,0.032873526
1350,99.96894535,0.031054647
1351,99.9707526,0.029247396
1352,99.97226565,0.02773435
1353,99.9725576,0.027442398
1354,99.9763775,0.023622504
1355,99.9798923,0.020107702
1356,99.98318649,0.016813507
1357,99.98461935,0.01538065
1358,99.9837467,0.016253305
1359,99.97988028,0.020119725
1360,99.97649475,0.023505255
1361,99.97260128,0.027398716
1362,99.96639798,0.033602023
1363,99.95998426,0.040015745
1364,99.95390294,0.046097056
1365,99.94839662,0.051603377
1366,99.94795147,0.052048526
1367,99.94796135,0.052038653
1368,99.94799068,0.052009316
1369,99.94786004,0.052139958
1370,99.94858286,0.051417145
1371,99.95106779,0.048932209
1372,99.94990728,0.05009272
1373,99.946026,0.053973996
1374,99.94209103,0.057908967
1375,99.94122897,0.058771034
1376,99.93818069,0.061819313
1377,99.93236846,0.067631538
1378,99.92721752,0.072782477
1379,99.92175426,0.078245738
1380,99.91690009,0.083099908
1381,99.90863584,0.091364164
1382,99.90217207,0.097827931
1383,99.89754423,0.102455771
1384,99.88890373,0.111096275
1385,99.88410128,0.115898723
1386,99.88251886,0.117481145
1387,99.87895223,0.121047768
1388,99.87852199,0.121478012
1389,99.87853321,0.121466792
1390,99.87879895,0.121201048
1391,99.87375853,0.126241468
1392,99.86857118,0.131428823
1393,99.85807412,0.141925877
1394,99.85088294,0.149117065
1395,99.84555853,0.154441471
1396,99.83668529,0.163314709
1397,99.82981703,0.170182971
1398,99.82611251,0.173887495
1399,99.81930219,0.180697811
1400,99.81968723,0.180312769
1401,99.81967673,0.180323273
1402,99.81918411,0.180815891
1403,99.81594878,0.184051217
1404,99.81583692,0.184163085
1405,99.81159821,0.188401795
1406,99.80622633,0.193773668
1407,99.80100349,0.198996508
1408,99.79536492,0.204635081
1409,99.78897538,0.211024617
1410,99.78292302,0.21707698
1411,99.77946958,0.220530423
1412,99.77895183,0.221048167
1413,99.77458922,0.225410785
1414,99.77259023,0.227409767
1415,99.77242272,0.227577285
1416,99.76949435,0.230505653
1417,99.76658482,0.233415178
1418,99.76516521,0.234834794
1419,99.76258715,0.237412853
1420,99.75847392,0.241526083
1421,99.75709678,0.242903221
1422,99.756242,0.243758005
1423,99.75526503,0.244734972
1424,99.75546616,0.244533836
1425,99.75546218,0.244537818
1426,99.75528557,0.244714426
1427,99.75649226,0.243507745
1428,99.75833233,0.24166767
1429,99.76027582,0.239724178
1430,99.76064838,0.239351623
1431,99.76087514,0.239124865
1432,99.75816463,0.241835373
1433,99.75428983,0.24571017
1434,99.75225271,0.247747295
1435,99.75055394,0.249446064
1436,99.7487286,0.2512714
1437,99.7471027,0.252897305
1438,99.74365968,0.256340316
1439,99.74161661,0.258383391
1440,99.74155281,0.258447186
1441,99.7415357,0.258464305
1442,99.74318333,0.256816671
1443,99.74674035,0.253259649
1444,99.74676546,0.253234545
1445,99.74852905,0.25147095
1446,99.74847704,0.251522958
1447,99.74851698,0.251483018
1448,99.74840995,0.251590049
1449,99.74652001,0.253479988
1450,99.74494103,0.255058967
1451,99.74505991,0.254940094
1452,99.74497859,0.255021408
1453,99.74520997,0.254790035
1454,99.74732218,0.252677822
1455,99.75142638,0.248573616
1456,99.75637671,0.243623294
1457,99.76022525,0.239774751
1458,99.7652976,0.234702401
1459,99.76868021,0.231319787
1460,99.77187773,0.22812227
1461,99.77289963,0.227100373
1462,99.77268089,0.227319107
1463,99.77316436,0.226835636
1464,99.77601724,0.223982764
1465,99.77871363,0.221286367
1466,99.78139384,0.218606157
1467,99.78342278,0.216577216
1468,99.78367181,0.216328188
1469,99.78669275,0.213307255
1470,99.79007211,0.209927887
1471,99.79485803,0.205141972
1472,99.79891575,0.201084246
1473,99.80447452,0.195525485
1474,99.81119242,0.188807585
1475,99.81431323,0.185686773
1476,99.82277769,0.177222314
1477,99.83196503,0.16803497
1478,99.83561052,0.16438948
1479,99.84223045,0.157769549
1480,99.84529218,0.154707822
1481,99.84823448,0.151765517
1482,99.85065671,0.149343291
1483,99.85092801,0.149071988
1484,99.85060336,0.149396642
1485,99.8536732,0.146326805
1486,99.85731268,0.142687321
1487,99.86084697,0.139153034
1488,99.86433197,0.135668035
1489,99.86942854,0.130571458
1490,99.87650491,0.123495094
1491,99.88188032,0.118119676
1492,99.88718973,0.112810275
1493,99.89073712,0.109262876
1494,99.89255771,0.107442293
1495,99.89788588,0.102114123
1496,99.90135163,0.098648372
1497,99.90488083,0.095119172
1498,99.90860273,0.091397267
1499,99.91374462,0.086255382
1500,99.91499647,0.085003528
1501,99.91522289,0.084777113
1502,99.91693202,0.083067985
1503,99.91653374,0.083466256
1504,99.91748763,0.082512372
1505,99.92032534,0.079674657
1506,99.92111983,0.078880172
1507,99.92707062,0.07292938
1508,99.93221214,0.067787856
1509,99.93753595,0.062464049
1510,99.94296666,0.057033336
1511,99.9475712,0.052428805
1512,99.94669233,0.05330767
1513,99.94425944,0.055740556
1514,99.9438595,0.056140504
1515,99.94257748,0.057422517
1516,99.94271661,0.057283388
1517,99.94333846,0.056661543
1518,99.94616102,0.053838982
1519,99.94995892,0.050041083
1520,99.95264326,0.047356745
1521,99.95333685,0.046663155
1522,99.95285285,0.04714715
1523,99.95467429,0.04532571
1524,99.95266895,0.047331051
1525,99.95141429,0.048585706
1526,99.94942199,0.050578011
1527,99.94518031,0.054819686
1528,99.94437614,0.055623856
1529,99.94442398,0.055576024
1530,99.94563876,0.054361242
1531,99.94794682,0.052053179
1532,99.94546015,0.054539852
1533,99.94026915,0.059730848
1534,99.93478221,0.065217792
1535,99.93114404,0.068855963
1536,99.92609631,0.073903695
1537,99.92061586,0.079384141
1538,99.91705964,0.082940357
1539,99.91182115,0.088178851
1540,99.90814728,0.091852717
1541,99.90637261,0.093627386
1542,99.9028477,0.097152302
1543,99.89934463,0.100655372
1544,99.89752837,0.102471635
1545,99.8919758,0.108024201
1546,99.88515596,0.114844039
1547,99.8813983,0.118601699
1548,99.87220539,0.127794609
1549,99.86603046,0.133969541
1550,99.86410606,0.135893936
1551,99.85849313,0.141506866
1552,99.85301683,0.146983175
1553,99.84565859,0.154341406
1554,99.83901533,0.160984667
1555,99.83024964,0.169750359
1556,99.81845414,0.181545858
1557,99.81237063,0.18762937
1558,99.80552526,0.19447474
1559,99.80057782,0.199422185
1560,99.79468915,0.205310846
1561,99.78698276,0.21301724
1562,99.77715671,0.222843293
1563,99.76712121,0.232878792
1564,99.75846801,0.241531986
1565,99.74966426,0.250335736
1566,99.74042953,0.259570471
1567,99.73334411,0.266655887
1568,99.72204655,0.277953453
1569,99.71052959,0.289470407
1570,99.70011173,0.299888269
1571,99.68833614,0.311663857
1572,99.67786855,0.322131454
1573,99.667478,0.332521998
1574,99.65257311,0.347426888
1575,99.6422601,0.357739897
1576,99.62842373,0.371576272
1577,99.61312165,0.386878348
1578,99.60176414,0.398235865
1579,99.59295479,0.407045214
1580,99.5813509,0.418649096
1581,99.56872594,0.431274063
1582,99.55659391,0.443406091
1583,99.54139452,0.458605479
1584,99.5234137,0.4765863
1585,99.50935443,0.490645575
1586,99.48990319,0.510096806
1587,99.47809847,0.521901533
1588,99.46151521,0.538484788
1589,99.44720924,0.552790758
1590,99.42972524,0.57027476
1591,99.40499217,0.595007831
1592,99.38557867,0.614421333
1593,99.36601605,0.633983954
1594,99.34061056,0.659389436
1595,99.32032887,0.679671133
1596,99.30480196,0.695198039
1597,99.29258053,0.707419471
1598,99.28006118,0.719938825
1599,99.26531986,0.734680141
1600,99.24854388,0.751456122
1601,99.23336623,0.766633767
1602,99.21754127,0.782458729
1603,99.20400602,0.795993977
1604,99.18639377,0.813606234
1605,99.17308859,0.826911414
1606,99.15265614,0.847343856
1607,99.13552115,0.864478846
1608,99.11622811,0.883771888
1609,99.09542939,0.904570607
1610,99.03824994,0.961750058
1611,99.02800189,0.971998106
1612,99.01480851,0.985191488
1613,98.9926444,1.007355596
1614,98.968754,1.031245999
1615,98.94999873,1.05000127
1616,98.93716252,1.062837481
1617,98.91618827,1.083811727
1618,98.88653321,1.113466787
1619,98.8624733,1.137526705
1620,98.84368811,1.156311888
1621,98.82705315,1.172946855
1622,98.8157517,1.184248298
1623,98.80495102,1.195048981
1624,98.78564453,1.214355468
1625,98.76188668,1.238113323
1626,98.74035702,1.259642981
1627,98.72482606,1.275173941
1628,98.70753592,1.292464078
1629,98.68048553,1.319514468
1630,98.65674825,1.343251752
1631,98.64213905,1.357860948
1632,98.62882678,1.371173221
1633,98.60966627,1.390333734
1634,98.58278888,1.417211124
1635,98.55711326,1.442886739
1636,98.53719554,1.46280446
1637,98.52148561,1.478514393
1638,98.50435978,1.49564022
1639,98.48286011,1.51713989
1640,98.46079926,1.539200745
1641,98.43996281,1.560037193
1642,98.41952899,1.580471011
1643,98.39587269,1.604127313
1644,98.36882137,1.631178634
1645,98.34367946,1.656320539
1646,98.32609359,1.673906414
1647,98.31645556,1.683544442
1648,98.30148647,1.698513529
1649,98.27876021,1.72123979
1650,98.25726201,1.742737987
1651,98.23569604,1.764303956
1652,98.21347845,1.78652155
1653,98.19867997,1.801320032
1654,98.18935415,1.81064585
1655,98.17622182,1.823778181
1656,98.15438504,1.845614963
1657,98.12686275,1.873137247
1658,98.10488447,1.895115527
1659,98.08285304,1.91714696
1660,98.0513012,1.948698798
1661,98.01915367,1.980846333
1662,97.99354656,2.006453438
1663,97.97515056,2.024849441
1664,97.96132702,2.038672977
1665,97.9466859,2.053314102
1666,97.92321608,2.07678392
1667,97.89604945,2.103950547
1668,97.87803467,2.121965331
1669,97.86416947,2.135830532
1670,97.84814752,2.151852478
1671,97.83092878,2.16907122
1672,97.81602847,2.183971528
1673,97.8056707,2.194329296
1674,97.79355237,2.206447631
1675,97.77701507,2.22298493
1676,97.76009522,2.239904783
1677,97.74515146,2.254848545
1678,97.73062254,2.269377462
1679,97.70807912,2.291920884
1680,97.68058859,2.319411407
1681,97.66090279,2.339097215
1682,97.64955633,2.35044367
1683,97.63999619,2.360003808
1684,97.621756,2.378244005
1685,97.59995212,2.400047876
1686,97.58517868,2.414821319
1687,97.56470363,2.43529637
1688,97.53660392,2.463396079
1689,97.51998982,2.480010178
1690,97.51249348,2.487506519
1691,97.50272794,2.497272061
1692,97.48883596,2.511164045
1693,97.47247197,2.527528028
1694,97.45657417,2.543425831
1695,97.44031965,2.559680347
1696,97.42376227,2.57623773
1697,97.41153491,2.588465088
1698,97.4012085,2.598791498
1699,97.38624936,2.613750636
1700,97.36917934,2.630820658
1701,97.35325317,2.646746832
1702,97.33843694,2.661563062
1703,97.32141173,2.678588268
1704,97.29982528,2.700174717
1705,97.28021516,2.719784836
1706,97.2649264,2.735073601
1707,97.24961563,2.750384369
1708,97.23310869,2.766891311
1709,97.21666246,2.783337539
1710,97.20340035,2.796599654
1711,97.19351345,2.806486552
1712,97.18410439,2.815895606
1713,97.17114741,2.828852592
1714,97.15461784,2.845382159
1715,97.14156095,2.858439049
1716,97.13186195,2.868138049
1717,97.12136328,2.878636722
1718,97.11059115,2.889408848
1719,97.10002673,2.899973275
1720,97.08890744,2.911092559
1721,97.07896027,2.921039733
1722,97.06985218,2.93014782
1723,97.05271771,2.947282295
1724,97.03052405,2.969475951
1725,97.01678885,2.983211151
1726,97.00899301,2.991006995
1727,96.99922251,3.000777494
1728,96.98158707,3.018412926
1729,96.95924605,3.040753953
1730,96.9408362,3.0591638
1731,96.92998519,3.070014807
1732,96.92527897,3.07472103
1733,96.9204606,3.079539405
1734,96.91504663,3.084953372
1735,96.91035639,3.089643607
1736,96.90267195,3.09732805
1737,96.89147364,3.108526358
1738,96.88044568,3.119554317
1739,96.87014232,3.129857679
1740,96.85966958,3.140330417
1741,96.84820914,3.15179086
1742,96.83799365,3.162006354
1743,96.83227334,3.167726664
1744,96.82685564,3.173144361
1745,96.82085758,3.179142417
1746,96.821948,3.178051998
1747,96.82917632,3.170823681
1748,96.83593867,3.164061326
1749,96.83690058,3.163099419
1750,96.83076714,3.169232862
1751,96.82084539,3.179154608
1752,96.80983227,3.190167731
1753,96.79922014,3.200779859
1754,96.78855515,3.211444847
1755,96.77794368,3.222056318
1756,96.76784229,3.232157712
1757,96.75615954,3.243840465
1758,96.7444911,3.255508905
1759,96.74186242,3.258137579
1760,96.7421778,3.257822199
1761,96.73286872,3.267131281
1762,96.72067341,3.279326595
1763,96.71042746,3.289572539
1764,96.69843063,3.301569372
1765,96.68970157,3.310298433
1766,96.68952533,3.310474671
1767,96.68990584,3.310094163
1768,96.68973138,3.310268625
1769,96.69538785,3.304612146
1770,96.69869473,3.301305271
1771,96.69306242,3.306937585
1772,96.68714825,3.312851751
1773,96.68184622,3.318153784
1774,96.67205158,3.327948423
1775,96.66054757,3.339452434
1776,96.65002557,3.349974431
1777,96.63949673,3.360503275
1778,96.62885007,3.371149935
1779,96.61836107,3.381638934
1780,96.60727378,3.392726218
1781,96.59662351,3.403376494
1782,96.58941945,3.410580549
1783,96.58579486,3.414205145
1784,96.58521022,3.414789779
1785,96.58856536,3.411434643
1786,96.59438899,3.405611012
1787,96.59966492,3.400335079
1788,96.60529075,3.394709254
1789,96.61101813,3.388981866
1790,96.61276771,3.387232293
1791,96.61221805,3.387781946
1792,96.61297205,3.38702795
1793,96.61052606,3.389473936
1794,96.60461597,3.395384031
1795,96.60230656,3.397693436
1796,96.60384891,3.396151092
1797,96.60503932,3.394960685
1798,96.59981526,3.400184745
1799,96.58794447,3.412055527
1800,96.57532717,3.424672828
1801,96.56786791,3.432132086
1802,96.56785654,3.432143457
1803,96.57046639,3.429533615
1804,96.56901943,3.430980568
1805,96.55903075,3.440969253
1806,96.54848798,3.451512023
1807,96.54350217,3.456497831
1808,96.54240739,3.457592613
1809,96.5429558,3.4570442
1810,96.54322889,3.456771107
1811,96.54233476,3.457665242
1812,96.54240292,3.457597084
1813,96.54736929,3.452630709
1814,96.55204124,3.447958763
1815,96.55184579,3.448154208
1816,96.55191121,3.448088793
1817,96.55173223,3.44826777
1818,96.54681575,3.453184247
1819,96.54177658,3.458223419
1820,96.54167152,3.458328484
1821,96.54701231,3.452987687
1822,96.55161115,3.448388847
1823,96.55032235,3.449677651
1824,96.55515784,3.444842163
1825,96.56706692,3.432933082
1826,96.5707382,3.429261801
1827,96.56864422,3.431355784
1828,96.56855012,3.431449881
1829,96.56912232,3.430877679
1830,96.56895855,3.431041452
1831,96.56832387,3.431676129
1832,96.5695251,3.430474899
1833,96.57065778,3.429342224
1834,96.56199376,3.438006239
1835,96.55155937,3.448440633
1836,96.55267956,3.447320442
1837,96.5474215,3.452578501
1838,96.52965304,3.470346965
1839,96.51883225,3.481167752
1840,96.51686333,3.483136672
1841,96.51689236,3.483107638
1842,96.51675957,3.483240431
1843,96.51676815,3.483231851
1844,96.51922376,3.480776244
1845,96.52837278,3.471627224
1846,96.54473821,3.455261789
1847,96.55971718,3.440282818
1848,96.56865432,3.431345677
1849,96.57104505,3.428954949
1850,96.56674979,3.433250206
1851,96.55599811,3.444001894
1852,96.53996153,3.460038473
1853,96.52477044,3.475229559
1854,96.51499511,3.485004894
1855,96.50095586,3.499044141
1856,96.48426095,3.51573905
1857,96.48027406,3.519725941
1858,96.48232068,3.517679322
1859,96.48131373,3.518686272
1860,96.4861797,3.513820301
1861,96.49841923,3.501580774
1862,96.51088621,3.489113787
1863,96.51824076,3.481759239
1864,96.52242282,3.477577176
1865,96.53554115,3.464458852
1866,96.55183303,3.44816697
1867,96.55615151,3.443848488
1868,96.54590884,3.454091165
1869,96.52877899,3.471221011
1870,96.51989432,3.48010568
1871,96.51630623,3.483693769
1872,96.51047507,3.489524933
1873,96.50742533,3.492574672
1874,96.50813824,3.491861759
1875,96.50827467,3.491725326
1876,96.50838671,3.491613294
1877,96.50880672,3.491193281
1878,96.50592746,3.494072539
1879,96.49971915,3.500280851
1880,96.4933475,3.506652503
1881,96.4905468,3.509453204
1882,96.49104268,3.508957323
1883,96.48953832,3.510461683
1884,96.49152546,3.508474542
1885,96.50271674,3.497283257
1886,96.51043325,3.489566746
1887,96.50898565,3.491014354
1888,96.50403587,3.495964133
1889,96.49851741,3.501482586
1890,96.49327387,3.50672613
1891,96.48766678,3.512333219
1892,96.48251136,3.517488643
1893,96.48024954,3.519750458
1894,96.48440204,3.515597958
1895,96.49539082,3.504609182
1896,96.50798288,3.492017118
1897,96.51718015,3.482819846
1898,96.52157995,3.478420053
1899,96.53028999,3.469710013
1900,96.54175693,3.458243074
1901,96.54089,3.459110003
1902,96.53323661,3.466763392
1903,96.52842005,3.471579949
1904,96.52091841,3.479081592
1905,96.50949493,3.490505072
1906,96.49848339,3.501516612
1907,96.48824314,3.511756863
1908,96.4777236,3.522276397
1909,96.46620138,3.533798617
1910,96.45624605,3.54375395
1911,96.45078562,3.549214383
1912,96.44509741,3.554902586
1913,96.43929291,3.560707087
1914,96.44159592,3.558404085
1915,96.44820613,3.551793867
1916,96.45282335,3.547176649
1917,96.46099922,3.539000781
1918,96.47219706,3.527802943
1919,96.47881243,3.521187571
1920,96.48340372,3.516596285
1921,96.4891504,3.510849605
1922,96.49204184,3.507958163
1923,96.49101222,3.508987784
1924,96.48730493,3.512695069
1925,96.47877107,3.521228932
1926,96.46741464,3.532585358
1927,96.46252587,3.537474134
1928,96.46525421,3.53474579
1929,96.47109616,3.528903843
1930,96.47436812,3.525631876
1931,96.47379222,3.526207781
1932,96.47319508,3.526804917
1933,96.47375748,3.526242518
1934,96.47430957,3.525690434
1935,96.47140142,3.528598585
1936,96.46543934,3.534560665
1937,96.45989441,3.540105589
1938,96.4547855,3.5452145
1939,96.44945648,3.550543519
1940,96.44409332,3.555906685
1941,96.43880497,3.561195032
1942,96.43354188,3.56645812
1943,96.42808556,3.571914445
1944,96.42273905,3.577260946
1945,96.41816637,3.581833631
1946,96.41185851,3.588141495
1947,96.4015134,3.598486604
1948,96.38971274,3.610287261
1949,96.37937664,3.620623364
1950,96.37255462,3.62744538
1951,96.36900067,3.630999327
1952,96.36857065,3.631429347
1953,96.37266256,3.627337442
1954,96.37819249,3.621807515
1955,96.37973139,3.620268612
1956,96.37681098,3.623189022
1957,96.37122927,3.628770729
1958,96.3658369,3.634163101
1959,96.36041593,3.639584069
1960,96.35442633,3.645573674
1961,96.35164672,3.648353277
1962,96.35220124,3.647798762
1963,96.35203269,3.647967308
1964,96.35264906,3.647350944
1965,96.35727162,3.64272838
1966,96.36720365,3.632796354
1967,96.37779511,3.622204892
1968,96.38103777,3.618962234
1969,96.37588538,3.624114619
1970,96.36492297,3.635077027
1971,96.3530312,3.6469688
1972,96.34324798,3.656752016
1973,96.336951,3.663048999
1974,96.33426139,3.665738606
1975,96.33459301,3.665406987
1976,96.3372904,3.662709604
1977,96.34539318,3.654606825
1978,96.35788783,3.642112174
1979,96.35988852,3.640111484
1980,96.35280353,3.647196469
1981,96.35177267,3.648227335
1982,96.35169597,3.648304027
1983,96.34616396,3.653836037
1984,96.33963357,3.660366433
1985,96.33494774,3.665052265
1986,96.33329922,3.666700779
1987,96.33713207,3.662867928
1988,96.34313851,3.656861491
1989,96.34104653,3.658953466
1990,96.33432217,3.665677834
1991,96.32967257,3.670327427
1992,96.32161035,3.678389648
1993,96.31039335,3.689606651
1994,96.30334423,3.696655767
1995,96.29953347,3.700466534
1996,96.29836649,3.701633508
1997,96.30626275,3.693737251
1998,96.31733195,3.682668055
1999,96.31914473,3.680855273
2000,96.31718143,3.682818574
2001,96.31735567,3.682644335
2002,96.31812495,3.681875054
2003,96.31750141,3.682498586
2004,96.31352742,3.686472584
2005,96.30412082,3.695879182
2006,96.29306595,3.706934054
2007,96.28961341,3.710386589
2008,96.29224816,3.707751841
2009,96.29375878,3.706241223
2010,96.28585414,3.714145861
2011,96.27477639,3.725223614
2012,96.27457874,3.725421265
2013,96.27222843,3.727771573
2014,96.26021935,3.739780652
2015,96.25508143,3.74491857
2016,96.25700522,3.742994781
2017,96.2568791,3.743120899
2018,96.25772284,3.742277156
2019,96.25813427,3.741865732
2020,96.24911663,3.750883374
2021,96.23880704,3.761192965
2022,96.23805737,3.761942635
2023,96.2411635,3.7588365
2024,96.24038775,3.759612252
2025,96.23087234,3.769127658
2026,96.22030873,3.779691273
2027,96.21518807,3.784811928
2028,96.21074852,3.789251482
2029,96.20510405,3.79489595
2030,96.19948185,3.800518151
2031,96.19493846,3.80506154
2032,96.1947151,3.805284904
2033,96.2039686,3.796031397
2034,96.21417645,3.785823554
2035,96.21485353,3.785146472
2036,96.21321102,3.786788982
2037,96.21357519,3.786424808
2038,96.21364817,3.786351832
2039,96.21373959,3.78626041
2040,96.21408337,3.785916632
2041,96.21202641,3.787973587
2042,96.20557197,3.794428033
2043,96.19477814,3.805221865
2044,96.18531574,3.814684258
2045,96.18029871,3.819701288
2046,96.17593157,3.824068428
2047,96.17001806,3.829981943
2048,96.16338797,3.836612028
2049,96.16230269,3.837697311
2050,96.16853022,3.83146978
2051,96.17649818,3.82350182
2052,96.17861479,3.821385215
2053,96.17252804,3.827471957
2054,96.17033275,3.829667253
2055,96.17078153,3.829218472
2056,96.16161287,3.838387132
2057,96.15081689,3.849183106
2058,96.14592092,3.854079078
2059,96.14073388,3.85926612
2060,96.13566608,3.864333919
2061,96.13503701,3.864962986
2062,96.13586525,3.864134746
2063,96.13574405,3.864255953
2064,96.13558324,3.864416764
2065,96.13569168,3.864308323
2066,96.135807,3.864193002
2067,96.1353835,3.864616505
2068,96.13544975,3.864550247
2069,96.13860426,3.861395741
2070,96.14653816,3.85346184
2071,96.15776935,3.84223065
2072,96.16542767,3.834572329
2073,96.17009487,3.829905132
2074,96.17648466,3.823515339
2075,96.17879804,3.821201959
2076,96.17309408,3.826905921
2077,96.16307742,3.836922582
2078,96.15231846,3.847681544
2079,96.14231255,3.857687455
2080,96.12945513,3.870544873
2081,96.11297636,3.887023643
2082,96.09638726,3.903612745
2083,96.08112017,3.91887983
2084,96.06916419,3.930835808
2085,96.06608877,3.93391123
2086,96.07390192,3.926098083
2087,96.08974709,3.910252911
2088,96.10449285,3.895507147
2089,96.11440284,3.88559716
2090,96.12798082,3.872019176
2091,96.14470873,3.85529127
2092,96.15770973,3.842290269
2093,96.16211511,3.83788489
2094,96.15591376,3.844086236
2095,96.1409533,3.859046696
2096,96.12528096,3.874719045
2097,96.11496175,3.88503825
2098,96.1029279,3.897072096
2099,96.08605548,3.913944521
2100,96.06926416,3.93073584
2101,96.06870807,3.931291926
2102,96.08695008,3.913049916
2103,96.09396426,3.906035739
2104,96.09226803,3.907731972
2105,96.10298171,3.897018295
2106,96.11044279,3.889557215
2107,96.10389326,3.896106737
2108,96.09372613,3.906273872
2109,96.08258924,3.917410763
2110,96.0704913,3.929508698
2111,96.06532608,3.934673916
2112,96.06640285,3.933597153
2113,96.06446089,3.935539106
2114,96.06832845,3.931671553
2115,96.08145245,3.918547549
2116,96.07964485,3.920355151
2117,96.06683112,3.933168881
2118,96.06615886,3.933841139
2119,96.06428879,3.935711213
2120,96.05231088,3.947689117
2121,96.0462398,3.953760202
2122,96.04927173,3.950728275
2123,96.05745686,3.942543141
2124,96.07509614,3.924903864
2125,96.09737254,3.902627459
2126,96.10914539,3.89085461
2127,96.1211022,3.878897799
2128,96.14399049,3.856009509
2129,96.1577984,3.842201603
2130,96.15413572,3.845864283
2131,96.14004874,3.859951262
2132,96.12237476,3.877625241
2133,96.10615746,3.893842536
2134,96.09342331,3.90657669
2135,96.08366735,3.916332649
2136,96.07425591,3.925744091
2137,96.06043901,3.939560993
2138,96.04378927,3.95621073
2139,96.03427818,3.965721824
2140,96.03153802,3.968461982
2141,96.03104156,3.968958443
2142,96.03305121,3.966948792
2143,96.03901466,3.960985344
2144,96.04968227,3.950317731
2145,96.05931125,3.940688746
2146,96.06428105,3.935718952
2147,96.07024666,3.929753344
2148,96.07498745,3.925012551
2149,96.07151147,3.928488528
2150,96.06378352,3.936216481
2151,96.05817844,3.941821563
2152,96.05940338,3.94059662
2153,96.0669957,3.933004301
2154,96.07757919,3.922420812
2155,96.08814076,3.911859236
2156,96.09868468,3.901315321
2157,96.11135394,3.888646063
2158,96.11876182,3.881238176
2159,96.11428267,3.885717326
2160,96.10333186,3.896668139
2161,96.09297767,3.907022328
2162,96.08788825,3.912111749
2163,96.08092562,3.919074383
2164,96.06935504,3.930644964
2165,96.0640822,3.935917798
2166,96.06645525,3.933544752
2167,96.07143356,3.928566436
2168,96.07745948,3.922540522
2169,96.08283226,3.917167742
2170,96.08485163,3.915148369
2171,96.08331885,3.916681147
2172,96.08163758,3.918362416
2173,96.08883599,3.91116401
2174,96.10022881,3.899771189
2175,96.10100587,3.898994132
2176,96.10253072,3.897469276
2177,96.11408333,3.885916666
2178,96.1223443,3.877655697
2179,96.12687929,3.873120713
2180,96.136366,3.863633999
2181,96.14862726,3.851372743
2182,96.15935513,3.840644866
2183,96.16596894,3.834031058
2184,96.17081786,3.829182136
2185,96.17671174,3.823288256
2186,96.17976249,3.82023751
2187,96.17916963,3.820830372
2188,96.17861649,3.821383506
2189,96.17918716,3.820812839
2190,96.17969211,3.820307893
2191,96.1767273,3.823272704
2192,96.17072034,3.829279656
2193,96.16502112,3.834978876
2194,96.16030567,3.839694331
2195,96.15524698,3.84475302
2196,96.14685205,3.85314795
2197,96.13508848,3.864911516
2198,96.12296283,3.877037166
2199,96.11702506,3.882974942
2200,96.11796141,3.882038591
2201,96.11887995,3.881120048
2202,96.11817188,3.881828122
2203,96.11759411,3.882405894
2204,96.12039032,3.879609681
2205,96.12633866,3.873661342
2206,96.13214692,3.86785308
2207,96.13673021,3.863269789
2208,96.13758883,3.862411174
2209,96.12906141,3.870938587
2210,96.11832823,3.881671772
2211,96.11714009,3.882859907
2212,96.11844075,3.881559255
2213,96.11799329,3.882006714
2214,96.12136569,3.878634315
2215,96.12771465,3.872285349
2216,96.13336032,3.866639679
2217,96.13748487,3.862515133
2218,96.14300154,3.856998458
2219,96.1541859,3.845814096
2220,96.16262993,3.83737007
2221,96.16227046,3.837729542
2222,96.16231147,3.837688526
2223,96.16980367,3.830196329
2224,96.18589845,3.814101555
2225,96.19993311,3.800066891
2226,96.20940419,3.790595815
2227,96.22789158,3.772108416
2228,96.24949392,3.750506076
2229,96.26141264,3.73858736
2230,96.26880012,3.731199876
2231,96.27399204,3.726007965
2232,96.27230347,3.727696532
2233,96.26373027,3.736269735
2234,96.25227879,3.747721214
2235,96.24555428,3.754445717
2236,96.24042203,3.759577967
2237,96.22814379,3.771856212
2238,96.22258296,3.777417045
2239,96.23367435,3.766325653
2240,96.25146463,3.748535372
2241,96.2658759,3.734124105
2242,96.27169823,3.72830177
2243,96.27685554,3.723144463
2244,96.28269814,3.717301864
2245,96.27973849,3.720261507
2246,96.27384067,3.726159329
2247,96.27371579,3.726284215
2248,96.27430607,3.725693926
2249,96.27415193,3.725848066
2250,96.27728144,3.722718562
2251,96.28542023,3.714579768
2252,96.29664214,3.703357863
2253,96.30417569,3.695824313
2254,96.30885076,3.691149238
2255,96.31518904,3.684810965
2256,96.31746802,3.682531982
2257,96.31168597,3.68831403
2258,96.30078934,3.699210662
2259,96.29099983,3.70900017
2260,96.28618577,3.713814234
2261,96.27863949,3.721360512
2262,96.26732295,3.732677046
2263,96.25993188,3.740068116
2264,96.25643093,3.743569071
2265,96.25559857,3.744401432
2266,96.26100125,3.738998754
2267,96.27334526,3.726654737
2268,96.28972633,3.710273672
2269,96.30411109,3.69588891
2270,96.31430428,3.685695718
2271,96.32597993,3.674020073
2272,96.34470158,3.655298418
2273,96.3717595,3.628240503
2274,96.39580545,3.604194549
2275,96.41617335,3.583826651
2276,96.44617628,3.553823717
2277,96.47786773,3.522132274
2278,96.49974136,3.500258644
2279,96.51738125,3.482618755
2280,96.53286682,3.467133185
2281,96.54235331,3.457646688
2282,96.54140771,3.458592293
2283,96.53034652,3.469653476
2284,96.51814385,3.48185615
2285,96.50821825,3.491781751
2286,96.50071131,3.499288693
2287,96.50086854,3.499131458
2288,96.50715953,3.492840471
2289,96.50846858,3.491531423
2290,96.50856011,3.491439894
2291,96.5142591,3.485740897
2292,96.51776307,3.482236931
2293,96.51698449,3.483015515
2294,96.51733642,3.482663583
2295,96.51628318,3.483716816
2296,96.51454593,3.48545407
2297,96.52526696,3.474733043
2298,96.54238595,3.457614051
2299,96.54903456,3.450965437
2300,96.55387602,3.446123979
2301,96.56495346,3.435046544
2302,96.5777458,3.422254198
2303,96.5865794,3.413420599
2304,96.59267077,3.40732923
2305,96.61878938,3.381210616
2306,96.65869561,3.341304394
2307,96.67356791,3.326432092
2308,96.67304357,3.326956429
2309,96.68150023,3.318499772
2310,96.70429522,3.295704779
2311,96.72437249,3.275627508
2312,96.71535981,3.284640195
2313,96.69259697,3.307403034
2314,96.67617694,3.323823061
2315,96.66962336,3.33037664
2316,96.66394631,3.336053693
2317,96.65061476,3.349385242
2318,96.64912197,3.350878031
2319,96.66206092,3.337939079
2320,96.66583533,3.33416467
2321,96.67580473,3.324195268
2322,96.70917138,3.290828616
2323,96.73449256,3.265507439
2324,96.74161947,3.258380531
2325,96.74834017,3.251659832
2326,96.76464536,3.235354643
2327,96.78780747,3.21219253
2328,96.79785741,3.202142587
2329,96.79426665,3.205733351
2330,96.78945899,3.21054101
2331,96.78270232,3.21729768
2332,96.77665988,3.223340116
2333,96.78258139,3.217418608
2334,96.79518114,3.204818865
2335,96.80239882,3.197601178
2336,96.80122972,3.198770279
2337,96.79509438,3.204905618
2338,96.79196644,3.208033561
2339,96.79546342,3.204536578
2340,96.8057497,3.194250304
2341,96.82004892,3.179951077
2342,96.84403293,3.155967072
2343,96.88712132,3.112878679
2344,96.94097378,3.059026223
2345,96.99018547,3.009814535
2346,97.01897151,2.98102849
2347,97.0378064,2.962193602
2348,97.05978812,2.94021188
2349,97.05061955,2.949380449
2350,97.00982451,2.990175495
2351,96.98532688,3.014673118
2352,96.97412019,3.025879814
2353,96.95171807,3.048281926
2354,96.90514674,3.09485326
2355,96.85763651,3.142363487
2356,96.85254605,3.14745395
2357,96.86651415,3.133485852
2358,96.87544341,3.124556595
2359,96.89545192,3.104548085
2360,96.91984961,3.080150386
2361,96.92988852,3.070111481
2362,96.93525447,3.064745534
2363,96.94622606,3.053773937
2364,96.96298859,3.03701141
2365,96.97719168,3.022808322
2366,96.9823396,3.0176604
2367,96.98873957,3.011260429
2368,97.00030176,2.999698237
2369,97.01168399,2.988316012
2370,97.02150568,2.978494318
2371,97.03512014,2.96487986
2372,97.06674354,2.933256459
2373,97.10486635,2.895133649
2374,97.12455421,2.875445789
2375,97.13616972,2.863830277
2376,97.1476646,2.852335401
2377,97.1485285,2.851471499
2378,97.14005991,2.859940094
2379,97.12963258,2.870367425
2380,97.11842337,2.881576626
2381,97.10780533,2.892194674
2382,97.10055647,2.899443533
2383,97.09703816,2.902961836
2384,97.09664567,2.903354328
2385,97.09915408,2.900845916
2386,97.1053453,2.894654701
2387,97.11735229,2.88264771
2388,97.13980957,2.860190429
2389,97.16817581,2.831824188
2390,97.18281249,2.817187508
2391,97.19316793,2.806832071
2392,97.21707025,2.782929755
2393,97.22810583,2.771894171
2394,97.21457785,2.785422147
2395,97.19644872,2.803551281
2396,97.18252797,2.817472034
2397,97.17245959,2.827540412
2398,97.15939696,2.840603043
2399,97.14277857,2.857221432
2400,97.12904,2.870959996
2401,97.12276348,2.877236521
2402,97.12332129,2.876678714
2403,97.12267826,2.877321742
2404,97.13165236,2.868347636
2405,97.16462848,2.835371521
2406,97.18925759,2.810742411
2407,97.19658902,2.803410978
2408,97.22465877,2.775341234
2409,97.2548192,2.745180796
2410,97.25520744,2.744792564
2411,97.25627744,2.743722556
2412,97.26904978,2.730950225
2413,97.27302209,2.726977908
2414,97.27016119,2.729838815
2415,97.26956351,2.730436487
2416,97.27356747,2.726432533
2417,97.27912934,2.720870661
2418,97.28231535,2.71768465
2419,97.29279918,2.707200821
2420,97.31490235,2.685097648
2421,97.33789516,2.662104843
2422,97.35826917,2.641730831
2423,97.37851513,2.621484875
2424,97.40287466,2.597125338
2425,97.42999175,2.570008248
2426,97.4524687,2.547531303
2427,97.47347282,2.52652718
2428,97.49304093,2.506959072
2429,97.49151078,2.508489221
2430,97.47199253,2.528007473
2431,97.45651033,2.543489668
2432,97.43783582,2.562164179
2433,97.41008487,2.589915128
2434,97.38764423,2.612355772
2435,97.3659344,2.634065602
2436,97.33496367,2.665036327
2437,97.32205822,2.677941785
2438,97.33580283,2.664197166
2439,97.34860417,2.651395831
2440,97.35877329,2.641226706
2441,97.37469061,2.625309387
2442,97.39055528,2.609444716
2443,97.40643104,2.593568961
2444,97.42736355,2.572636447
2445,97.43425831,2.565741687
2446,97.41698051,2.583019486
2447,97.40250056,2.597499443
2448,97.39262384,2.607376163
2449,97.37174471,2.628255288
2450,97.35225791,2.647742089
2451,97.34255463,2.657445369
2452,97.33362987,2.666370131
2453,97.33179216,2.668207836
2454,97.34646423,2.653535771
2455,97.36490634,2.635093661
2456,97.38029142,2.619708576
2457,97.3980253,2.601974701
2458,97.42319502,2.576804985
2459,97.45574003,2.544259974
2460,97.48472215,2.515277846
2461,97.50357069,2.496429307
2462,97.51183035,2.488169654
2463,97.51336668,2.48663332
2464,97.51305957,2.486940432
2465,97.51511495,2.484885053
2466,97.52222932,2.477770681
2467,97.53598246,2.464017544
2468,97.55731594,2.442684061
2469,97.58454143,2.415458574
2470,97.61276256,2.387237439
2471,97.63758981,2.362410191
2472,97.65532061,2.344679386
2473,97.66324503,2.336754966
2474,97.66140995,2.338590046
2475,97.65255564,2.347444357
2476,97.64015011,2.359849891
2477,97.6287586,2.3712414
2478,97.62421574,2.37578426
2479,97.6258955,2.374104496
2480,97.62978854,2.370211458
2481,97.63837425,2.361625747
2482,97.64973884,2.350261161
2483,97.65325031,2.346749694
2484,97.6414515,2.358548496
2485,97.61274074,2.387259258
2486,97.57673386,2.423266144
2487,97.54392737,2.456072633
2488,97.52139599,2.478604006
2489,97.50256865,2.497431355
2490,97.48349161,2.51650839
2491,97.4786936,2.521306397
2492,97.50637935,2.493620649
2493,97.57194068,2.428059316
2494,97.61523378,2.384766222
2495,97.62296917,2.377030826
2496,97.68014199,2.319858015
2497,97.73943437,2.260565632
2498,97.71034754,2.289652465
2499,97.66123986,2.338760144
2500,97.65504507,2.34495493
