Wavelength,GDD
1391.411485,-4.228186491
1393.230695,-9.046176319
1395.049905,-12.75542372
1396.869115,-15.90022043
1398.688324,-18.5410433
1400.507534,-20.71821025
1402.326744,-22.35108547
1404.145953,-24.1049144
1405.965163,-25.6168359
1407.784373,-26.98764472
1409.603583,-28.39877144
1411.422792,-29.76958027
1413.242002,-31.01943537
1415.061212,-32.30960838
1416.880421,-33.70057615
1418.699631,-35.11170288
1420.518841,-36.38171693
1422.338051,-37.59125413
1424.15726,-38.90158609
1425.97647,-39.99016957
1427.79568,-40.91748142
1429.614889,-40.99811723
1431.434099,-39.2846062
1432.757161,-34.67828538
1433.659248,-28.74147365
1434.410988,-22.05094105
1434.824445,-17.18787357
1435.072519,-12.13913572
1435.182774,-0.473581447
1435.541103,-6.848850414
1436.931105,2.601858862
1437.057111,-3.596539289
1438.132099,-11.33925725
1438.403799,-25.53907993
1438.413249,0.389020163
1438.545555,-19.06965585
1438.793629,-30.54821984
1438.899947,-41.60000598
1438.959012,-36.1935667
1439.207086,-46.85861293
1439.289778,-56.89009205
1439.561478,-77.23815548
1439.620543,-71.96898908
1439.868617,-82.37004901
1440.125879,-88.45229319
1440.133229,-94.17340413
1440.329326,-100.6167816
1440.813661,-107.1742011
1441.498818,-109.5975952
1442.349357,-107.9661599
1442.624995,-100.8147713
1442.961273,-93.28641018
1443.424345,-85.68043712
1443.672419,-80.81780961
1444.185105,-74.77041162
1444.582024,-69.04930069
1445.326246,-63.3947143
1446.070468,-58.15590632
1447.641604,-54.48445696
1449.488377,-54.25867668
1451.280023,-55.41176881
1453.099233,-57.10512088
1454.918443,-59.00006249
1456.737653,-60.99579886
1458.556862,-62.85042256
1460.376072,-65.00743056
1462.195282,-66.8015774
1464.014491,-68.59572424
1465.833701,-70.5511427
1467.652911,-72.52672012
1469.472121,-74.52245649
1471.29133,-76.73994135
1473.11054,-78.53408819
1474.92975,-80.4693477
1476.748959,-82.64651466
1478.568169,-84.90431742
1480.387379,-87.42418658
1482.206589,-89.64167144
1484.025798,-91.75836153
1485.845008,-94.45966126
1487.664218,-96.93921251
1489.483427,-99.27765109
1491.302637,-101.7370434
1493.121847,-104.6197737
1494.941057,-107.4420272
1496.760266,-110.0425321
1498.579476,-112.9655804
1500.371122,-116.2817282
1502.217896,-119.0334253
1504.037105,-122.0572683
1505.856315,-125.3028597
1507.675525,-128.5282923
1509.494734,-131.9149964
1511.313944,-135.4428132
1513.133154,-138.8698353
1514.952364,-142.3976521
1516.771573,-146.2076943
1518.590783,-150.0983723
1520.409993,-153.8882555
1522.229202,-157.8192513
1524.048412,-162.1534263
1525.867622,-166.5279192
1527.686832,-170.8217762
1529.506041,-175.1761101
1531.325251,-179.4901261
1533.144461,-183.824301
1534.880979,-188.5939094
1536.617497,-192.9966248
1538.165007,-198.2296731
1539.925152,-201.8588491
1541.578979,-206.7853488
1543.315497,-211.7444513
1544.969324,-216.5120438
1546.54046,-221.2549975
1548.111595,-225.8698299
1549.682731,-230.1988531
1550.84041,-235.0179628
1552.576928,-239.906509
1554.148064,-244.760337
1555.636508,-249.5402488
1557.124952,-254.369438
1558.613397,-259.3218209
1560.101841,-264.3727586
1561.590285,-269.3005027
1563.161421,-274.6988464
1564.567174,-279.4410962
1565.807544,-283.8958649
1567.213297,-288.5187048
1568.701742,-293.7667523
1570.124033,-299.224229
1571.723735,-304.2559037
1573.084383,-309.3969407
1574.324753,-313.8754682
1575.647815,-318.577944
1577.053568,-323.5056882
1578.459321,-328.6305421
1579.865074,-333.5952443
1581.188136,-338.3351181
1582.67658,-343.440877
1584.165024,-348.5355485
1585.488086,-353.1645481
1586.811147,-357.5995179
1588.299592,-362.4668971
1589.953419,-367.7888608
1591.441863,-372.5398221
1592.930307,-377.3018708
1594.501443,-382.3698317
1596.15527,-386.8764777
1597.726406,-391.0946266
1599.462924,-395.7956945
1600.914617,-399.5654188
1602.617917,-403.2637855
1604.424405,-406.9234367
1606.243615,-410.4915715
1608.062825,-413.273507
1609.882034,-416.1159194
1611.701244,-418.2729274
1613.520454,-419.8654847
1615.339663,-420.9943861
1617.158873,-421.478201
1618.978083,-421.901539
1620.797293,-421.0750219
1622.616502,-420.2283459
1624.435712,-418.7567423
1626.254922,-416.2368731
1628.074132,-413.1727122
1629.893341,-409.846485
1631.712551,-405.6937406
1633.462851,-400.7480774
1635.170553,-396.440781
1636.591341,-391.0281021
1637.997094,-386.0141224
1639.469,-381.0272454
1640.622544,-375.7828937
1641.745768,-370.8613092
1643.140496,-365.6379005
1644.298175,-360.2050626
1645.365812,-354.8954183
1646.581959,-349.430102
1647.705058,-343.9287237
1648.897317,-338.4031546
1649.98734,-332.8191246
1651.212675,-326.4287364
1652.372667,-320.4864972
1653.576144,-314.5026996
1654.314854,-309.7326433
1655.362277,-304.5831507
1656.384643,-299.4056595
1657.407009,-293.4486889
1658.594757,-287.4211618
1659.570348,-282.0140826
1660.54928,-276.6361218
1661.782133,-270.4876411
1662.864638,-264.6415447
1664.052387,-258.876084
1665.119857,-253.6056377
1666.03865,-248.4068676
1667.089414,-243.4343258
1668.096745,-238.2711139
1669.370192,-233.5866772
1670.3386,-228.8683622
1671.404399,-223.8174244
1672.709085,-218.5940156
1673.967831,-213.4630021
1675.373584,-208.4428627
1676.862029,-203.1455378
1678.449702,-198.5725912
1680.0043,-193.6618702
1681.82351,-189.3881721
1683.642719,-185.1951099
1685.461929,-181.9293594
1687.281139,-179.3288545
1689.100348,-177.2524823
1690.919558,-175.9623093
1692.738768,-174.9745206
1694.557978,-175.0954743
1696.377187,-176.063104
1698.196397,-177.1516875
1700.015607,-178.8853575
1701.834817,-181.1230013
1703.654026,-183.84446
1705.473236,-186.9287798
1707.292446,-190.315484
1709.111655,-194.2464799
1710.930865,-197.209846
1712.584692,-201.7254515
1714.403902,-206.0596265
1716.223112,-209.5672844
1718.042321,-213.8208235
1719.861531,-218.1146805
1721.680741,-221.6223384
1723.49995,-225.3315858
1725.31916,-228.4562236
1727.13837,-231.1575233
1728.95758,-233.455644
1730.776789,-235.6731288
1732.595999,-237.0036197
1734.415209,-237.8704547
1736.234418,-237.9107726
1738.053628,-237.5680704
1739.872838,-236.5399638
1741.692048,-234.7659759
1743.511257,-232.0445172
1745.330467,-228.9601974
1747.149677,-225.0896784
1748.886195,-220.4591668
1750.457331,-215.9083951
1751.945775,-211.0792058
1753.533449,-206.0455152
1754.812409,-201.332128
1756.061967,-196.5177219
1757.30004,-191.6484948
1758.561083,-186.8839822
1759.737138,-181.6852121
1760.805563,-177.5951845
1761.951429,-172.3840951
1763.047089,-167.4779098
1764.366016,-162.4941126
1765.465811,-157.1943238
1766.62349,-152.5376056
1767.84089,-147.5852227
1768.980193,-142.8440289
1770.220564,-138.4011396
1771.709008,-133.2676622
1773.362835,-128.2117967
1775.099353,-123.2668055
1776.918563,-119.7591476
1778.737773,-117.3199143
1780.556983,-115.6467211
1782.376192,-116.3926024
1784.195402,-118.9326305
1785.93192,-123.2224558
1787.337673,-128.4778949
1788.536698,-134.4096669
1789.708159,-140.3168002
1790.406441,-144.825686
1791.141475,-149.0846649
1791.885698,-154.5776917
1792.62992,-160.2671242
1793.126068,-164.6704156
1793.567088,-169.2057001
1794.201055,-174.6939751
1795.005417,-182.6550818
1795.722576,-190.3678973
1796.244713,-196.4121274
1796.746111,-202.948428
1797.281308,-209.554685
1797.69063,-215.3146019
1798.17024,-221.6954146
1798.501006,-226.9619411
1798.831771,-232.2007491
1799.493302,-237.5977377
1799.658685,-242.5823401
1800.012002,-249.4416939
1800.485598,-257.0365795
1800.717134,-263.1901
1800.998284,-269.3990576
1801.643277,-276.6058834
1801.940966,-283.9457583
1802.370961,-291.1082344
1802.959978,-298.6698577
1803.064065,-305.7456503
1803.421141,-313.6933177
1803.875943,-320.96566
1804.101465,-329.1300361
1804.537474,-337.2319194
1804.950931,-345.4772673
1805.281696,-354.4026438
1805.695153,-363.5312898
1806.10861,-372.752331
1806.439375,-387.2214197
1806.472452,-381.6037914
1806.935523,-391.434641
1807.073342,-400.563287
1807.399867,-407.5483643
1807.530901,-416.2187301
1808.047263,-423.1939519
1808.175894,-441.2541341
1808.258585,-435.4886735
1808.837425,-452.8294051
1808.920116,-456.6656539
